System Epoch,Device,Category,E4 Epoch,Value
1669789559367,E4_Gsr,1669789558.465,1.401521
1669789559370,E4_Gsr,1669789558.715,1.405364
1669789559370,E4_Gsr,1669789558.965,1.407925
E4_Gsr,1669789559.215,1.397679
E4_Gsr,1669789559.465,1.395117
E4_Gsr,1669789559.715,1.391275
1669789560876,E4_Gsr,1669789560.215,1.391275
1669789560876,E4_Gsr,1669789559.965,1.389994
1669789560878,E4_Gsr,1669789560.465,1.395117
E4_Gsr,1669789560.715,1.410487
E4_Gsr,1669789560.965,1.423295
E4_Gsr,1669789561.215,1.436103
1669789562361,E4_Gsr,1669789561.465,1.443787
1669789562361,E4_Gsr,1669789561.715,1.456595
1669789562361,E4_Gsr,1669789561.965,1.457876
E4_Gsr,1669789562.215,1.455315
E4_Gsr,1669789562.465,1.450191
E4_Gsr,1669789562.715,1.44763
1669789563868,E4_Gsr,1669789562.965,1.441226
1669789563868,E4_Gsr,1669789563.215,1.438664
1669789563869,E4_Gsr,1669789563.465,1.442507
E4_Gsr,1669789563.715,1.451472
E4_Gsr,1669789563.965,1.46428
E4_Gsr,1669789564.215,1.441325
1669789565375,E4_Gsr,1669789564.465,1.447729
1669789565375,E4_Gsr,1669789564.715,1.442606
1669789565376,E4_Gsr,1669789564.965,1.442606
E4_Gsr,1669789565.215,1.43364
E4_Gsr,1669789565.465,1.428517
E4_Gsr,1669789565.715,1.424675
1669789566860,E4_Gsr,1669789565.965,1.405463
1669789566860,E4_Gsr,1669789566.215,1.327335
1669789566860,E4_Gsr,1669789566.465,1.484872
E4_Gsr,1669789566.715,1.504084
E4_Gsr,1669789566.965,1.520734
E4_Gsr,1669789567.215,1.5297
1669789568367,E4_Gsr,1669789567.465,1.537384
1669789568367,E4_Gsr,1669789567.715,1.523296
1669789568369,E4_Gsr,1669789567.965,1.505365
E4_Gsr,1669789568.215,1.495118
E4_Gsr,1669789568.465,1.479749
E4_Gsr,1669789568.715,1.466941
1669789569876,E4_Gsr,1669789568.965,1.459256
1669789569876,E4_Gsr,1669789569.215,1.452852
1669789569878,E4_Gsr,1669789569.465,1.447729
E4_Gsr,1669789569.715,1.440044
E4_Gsr,1669789569.965,1.43364
E4_Gsr,1669789570.215,1.436202
1669789571360,E4_Gsr,1669789570.465,1.429798
1669789571360,E4_Gsr,1669789570.715,1.427236
1669789571361,E4_Gsr,1669789570.965,1.423394
E4_Gsr,1669789571.215,1.423394
E4_Gsr,1669789571.465,1.419551
E4_Gsr,1669789571.715,1.415709
1669789572867,E4_Gsr,1669789571.965,1.414428
1669789572867,E4_Gsr,1669789572.215,1.410586
1669789572868,E4_Gsr,1669789572.465,1.410586
E4_Gsr,1669789572.715,1.409305
E4_Gsr,1669789572.965,1.404182
E4_Gsr,1669789573.215,1.402901
1669789574375,E4_Gsr,1669789573.465,1.405463
1669789574375,E4_Gsr,1669789573.715,1.406744
1669789574377,E4_Gsr,1669789573.965,1.401621
E4_Gsr,1669789574.215,1.402901
E4_Gsr,1669789574.465,1.40034
E4_Gsr,1669789574.715,1.399059
1669789575860,E4_Gsr,1669789574.965,1.395216
1669789575861,E4_Gsr,1669789575.215,1.396497
1669789575861,E4_Gsr,1669789575.465,1.393936
E4_Gsr,1669789575.715,1.390093
E4_Gsr,1669789575.965,1.390093
E4_Gsr,1669789576.215,1.387532
1669789577368,E4_Gsr,1669789576.465,1.38497
1669789577368,E4_Gsr,1669789576.715,1.38497
1669789577369,E4_Gsr,1669789576.965,1.383689
E4_Gsr,1669789577.215,1.386251
E4_Gsr,1669789577.465,1.383689
E4_Gsr,1669789577.715,1.382409
1669789578875,E4_Gsr,1669789577.965,1.38497
1669789578875,E4_Gsr,1669789578.215,1.381128
1669789578875,E4_Gsr,1669789578.465,1.38497
E4_Gsr,1669789578.715,1.388813
E4_Gsr,1669789578.965,1.388813
E4_Gsr,1669789579.215,1.387532
1669789580360,E4_Gsr,1669789579.465,1.386251
1669789580361,E4_Gsr,1669789579.715,1.383689
1669789580361,E4_Gsr,1669789579.965,1.381128
E4_Gsr,1669789580.215,1.381128
E4_Gsr,1669789580.465,1.379847
E4_Gsr,1669789580.715,1.377285
1669789581868,E4_Gsr,1669789580.965,1.373443
1669789581868,E4_Gsr,1669789581.215,1.374724
1669789581869,E4_Gsr,1669789581.465,1.35167
E4_Gsr,1669789581.715,1.373443
E4_Gsr,1669789581.965,1.367039
E4_Gsr,1669789582.215,1.372162
1669789583375,E4_Gsr,1669789582.715,1.370881
1669789583375,E4_Gsr,1669789582.465,1.369601
1669789583376,E4_Gsr,1669789582.965,1.373443
E4_Gsr,1669789583.215,1.376005
E4_Gsr,1669789583.465,1.35167
E4_Gsr,1669789583.715,1.349108
1669789584861,E4_Gsr,1669789583.965,1.390093
1669789584861,E4_Gsr,1669789584.215,1.393936
1669789584862,E4_Gsr,1669789584.465,1.391374
E4_Gsr,1669789584.715,1.390093
E4_Gsr,1669789584.965,1.386251
E4_Gsr,1669789585.215,1.38497
1669789586392,E4_Gsr,1669789585.465,1.386251
1669789586392,E4_Gsr,1669789585.715,1.38497
1669789586392,E4_Gsr,1669789585.965,1.383689
E4_Gsr,1669789586.215,1.383689
E4_Gsr,1669789586.465,1.382409
E4_Gsr,1669789586.715,1.381128
1669789587876,E4_Gsr,1669789586.965,1.381128
1669789587876,E4_Gsr,1669789587.215,1.382409
1669789587880,E4_Gsr,1669789587.465,1.381128
E4_Gsr,1669789587.715,1.383689
E4_Gsr,1669789587.965,1.386251
E4_Gsr,1669789588.215,1.382409
1669789589362,E4_Gsr,1669789588.465,1.378566
1669789589362,E4_Gsr,1669789588.715,1.377285
1669789589363,E4_Gsr,1669789588.965,1.377285
E4_Gsr,1669789589.215,1.377285
E4_Gsr,1669789589.465,1.374724
E4_Gsr,1669789589.715,1.376005
1669789590869,E4_Gsr,1669789589.965,1.382409
1669789590869,E4_Gsr,1669789590.215,1.376005
1669789590869,E4_Gsr,1669789590.465,1.376005
E4_Gsr,1669789590.715,1.373443
E4_Gsr,1669789590.965,1.373443
E4_Gsr,1669789591.215,1.369601
1669789592375,E4_Gsr,1669789591.465,1.363197
1669789592375,E4_Gsr,1669789591.715,1.36832
1669789592377,E4_Gsr,1669789591.965,1.373443
E4_Gsr,1669789592.215,1.376005
E4_Gsr,1669789592.465,1.387532
E4_Gsr,1669789592.715,1.399059
1669789593861,E4_Gsr,1669789592.965,1.405463
1669789593861,E4_Gsr,1669789593.215,1.408024
1669789593862,E4_Gsr,1669789593.465,1.413148
E4_Gsr,1669789593.715,1.413148
E4_Gsr,1669789593.965,1.409305
E4_Gsr,1669789594.215,1.401621
1669789595369,E4_Gsr,1669789594.715,1.390093
1669789595369,E4_Gsr,1669789594.465,1.396497
1669789595369,E4_Gsr,1669789594.965,1.388813
E4_Gsr,1669789595.215,1.383689
E4_Gsr,1669789595.465,1.379847
E4_Gsr,1669789595.715,1.378566
1669789596876,E4_Gsr,1669789595.965,1.372162
1669789596876,E4_Gsr,1669789596.215,1.369601
1669789596877,E4_Gsr,1669789596.465,1.367039
E4_Gsr,1669789596.715,1.355512
E4_Gsr,1669789596.965,1.354231
E4_Gsr,1669789597.215,1.35167
1669789598362,E4_Gsr,1669789597.465,1.349108
1669789598363,E4_Gsr,1669789597.715,1.345266
1669789598363,E4_Gsr,1669789597.965,1.343985
E4_Gsr,1669789598.215,1.343985
E4_Gsr,1669789598.465,1.343985
E4_Gsr,1669789598.715,1.340142
1669789599868,E4_Gsr,1669789598.965,1.3363
1669789599868,E4_Gsr,1669789599.215,1.335019
1669789599869,E4_Gsr,1669789599.465,1.335019
E4_Gsr,1669789599.715,1.3363
E4_Gsr,1669789599.965,1.335019
E4_Gsr,1669789600.215,1.3363
1669789601376,E4_Gsr,1669789600.465,1.332458
1669789601376,E4_Gsr,1669789600.715,1.326054
1669789601377,E4_Gsr,1669789600.965,1.324773
E4_Gsr,1669789601.215,1.324773
E4_Gsr,1669789601.465,1.327335
E4_Gsr,1669789601.715,1.340142
1669789602865,E4_Gsr,1669789601.965,1.358074
1669789602865,E4_Gsr,1669789602.215,1.381128
1669789602865,E4_Gsr,1669789602.465,1.397778
E4_Gsr,1669789602.715,1.409305
E4_Gsr,1669789602.965,1.41699
E4_Gsr,1669789603.215,1.414428
1669789604391,E4_Gsr,1669789603.465,1.415709
1669789604391,E4_Gsr,1669789603.715,1.411867
1669789604391,E4_Gsr,1669789603.965,1.406744
E4_Gsr,1669789604.215,1.395216
E4_Gsr,1669789604.465,1.388813
E4_Gsr,1669789604.715,1.377285
1669789605876,E4_Gsr,1669789604.965,1.376005
1669789605876,E4_Gsr,1669789605.215,1.374724
1669789605877,E4_Gsr,1669789605.465,1.365758
E4_Gsr,1669789605.715,1.364478
E4_Gsr,1669789605.965,1.361916
E4_Gsr,1669789606.215,1.360635
1669789607364,E4_Gsr,1669789606.465,1.354231
1669789607364,E4_Gsr,1669789606.715,1.35295
1669789607364,E4_Gsr,1669789606.965,1.35295
E4_Gsr,1669789607.215,1.350389
E4_Gsr,1669789607.465,1.35167
E4_Gsr,1669789607.715,1.350389
1669789608869,E4_Gsr,1669789608.215,1.35295
1669789608869,E4_Gsr,1669789607.965,1.35167
1669789608870,E4_Gsr,1669789608.465,1.349108
E4_Gsr,1669789608.715,1.346546
E4_Gsr,1669789608.965,1.343985
E4_Gsr,1669789609.215,1.345266
1669789610376,E4_Gsr,1669789609.465,1.345266
1669789610376,E4_Gsr,1669789609.715,1.345266
1669789610377,E4_Gsr,1669789609.965,1.346546
E4_Gsr,1669789610.215,1.350389
E4_Gsr,1669789610.465,1.367039
E4_Gsr,1669789610.715,1.401621
1669789611861,E4_Gsr,1669789610.965,1.434921
1669789611861,E4_Gsr,1669789611.215,1.459256
1669789611863,E4_Gsr,1669789611.465,1.474626
E4_Gsr,1669789611.715,1.46566
E4_Gsr,1669789611.965,1.457975
E4_Gsr,1669789612.215,1.446448
1669789613368,E4_Gsr,1669789612.465,1.424675
1669789613368,E4_Gsr,1669789612.715,1.411867
1669789613370,E4_Gsr,1669789612.965,1.40034
E4_Gsr,1669789613.215,1.396497
E4_Gsr,1669789613.465,1.387532
E4_Gsr,1669789613.715,1.382409
1669789614876,E4_Gsr,1669789613.965,1.370881
1669789614876,E4_Gsr,1669789614.215,1.367039
1669789614877,E4_Gsr,1669789614.465,1.360635
E4_Gsr,1669789614.715,1.350389
E4_Gsr,1669789614.965,1.347827
E4_Gsr,1669789615.215,1.346546
1669789616361,E4_Gsr,1669789615.465,1.340142
1669789616361,E4_Gsr,1669789615.715,1.333739
1669789616361,E4_Gsr,1669789615.965,1.328615
E4_Gsr,1669789616.215,1.324773
E4_Gsr,1669789616.465,1.324773
E4_Gsr,1669789616.715,1.317088
1669789617869,E4_Gsr,1669789617.215,1.313246
1669789617869,E4_Gsr,1669789616.965,1.314527
1669789617869,E4_Gsr,1669789617.465,1.310684
E4_Gsr,1669789617.715,1.311965
E4_Gsr,1669789617.965,1.305561
E4_Gsr,1669789618.215,1.306842
1669789619376,E4_Gsr,1669789618.715,1.309404
1669789619376,E4_Gsr,1669789618.465,1.308123
1669789619376,E4_Gsr,1669789618.965,1.313246
E4_Gsr,1669789619.215,1.317088
E4_Gsr,1669789619.465,1.314527
E4_Gsr,1669789619.715,1.313246
1669789620861,E4_Gsr,1669789619.965,1.311965
1669789620861,E4_Gsr,1669789620.215,1.305561
1669789620862,E4_Gsr,1669789620.465,1.30428
E4_Gsr,1669789620.715,1.300438
E4_Gsr,1669789620.965,1.297876
E4_Gsr,1669789621.215,1.295315
1669789622368,E4_Gsr,1669789621.465,1.292753
1669789622368,E4_Gsr,1669789621.715,1.285068
1669789622370,E4_Gsr,1669789621.965,1.28763
E4_Gsr,1669789622.215,1.281226
E4_Gsr,1669789622.465,1.278664
E4_Gsr,1669789622.715,1.273541
1669789623876,E4_Gsr,1669789622.965,1.273541
1669789623876,E4_Gsr,1669789623.215,1.269699
1669789623876,E4_Gsr,1669789623.465,1.264576
E4_Gsr,1669789623.715,1.264576
E4_Gsr,1669789623.965,1.259453
E4_Gsr,1669789624.215,1.256891
1669789625386,E4_Gsr,1669789624.465,1.254329
1669789625386,E4_Gsr,1669789624.715,1.25561
1669789625386,E4_Gsr,1669789624.965,1.253049
E4_Gsr,1669789625.215,1.251768
E4_Gsr,1669789625.465,1.249206
E4_Gsr,1669789625.715,1.247926
1669789626869,E4_Gsr,1669789625.965,1.246645
1669789626869,E4_Gsr,1669789626.215,1.244083
1669789626870,E4_Gsr,1669789626.465,1.23896
E4_Gsr,1669789626.715,1.233837
E4_Gsr,1669789626.965,1.233837
E4_Gsr,1669789627.215,1.232556
1669789628354,E4_Gsr,1669789627.715,1.224871
1669789628354,E4_Gsr,1669789627.465,1.231275
1669789628354,E4_Gsr,1669789627.965,1.22359
E4_Gsr,1669789628.215,1.221029
E4_Gsr,1669789628.465,1.22231
E4_Gsr,1669789628.715,1.219748
1669789629862,E4_Gsr,1669789629.215,1.212063
1669789629862,E4_Gsr,1669789628.965,1.214625
1669789629862,E4_Gsr,1669789629.465,1.208221
E4_Gsr,1669789629.715,1.212063
E4_Gsr,1669789629.965,1.20694
E4_Gsr,1669789630.215,1.204379
1669789631369,E4_Gsr,1669789630.465,1.199255
1669789631369,E4_Gsr,1669789630.715,1.195413
1669789631369,E4_Gsr,1669789630.965,1.195413
E4_Gsr,1669789631.215,1.194132
E4_Gsr,1669789631.465,1.191571
E4_Gsr,1669789631.715,1.185167
1669789632854,E4_Gsr,1669789631.965,1.185167
1669789632854,E4_Gsr,1669789632.215,1.178763
1669789632855,E4_Gsr,1669789632.465,1.17492
E4_Gsr,1669789632.715,1.172359
E4_Gsr,1669789632.965,1.169797
E4_Gsr,1669789633.215,1.168516
1669789634362,E4_Gsr,1669789633.465,1.168516
1669789634362,E4_Gsr,1669789633.715,1.165955
1669789634362,E4_Gsr,1669789633.965,1.168516
E4_Gsr,1669789634.215,1.167236
E4_Gsr,1669789634.465,1.160832
E4_Gsr,1669789634.715,1.164674
1669789635870,E4_Gsr,1669789634.965,1.15827
1669789635871,E4_Gsr,1669789635.215,1.154428
1669789635871,E4_Gsr,1669789635.465,1.153147
E4_Gsr,1669789635.715,1.148024
E4_Gsr,1669789635.965,1.148024
E4_Gsr,1669789636.215,1.145462
1669789637354,E4_Gsr,1669789636.465,1.140339
1669789637354,E4_Gsr,1669789636.715,1.137777
1669789637355,E4_Gsr,1669789636.965,1.133935
E4_Gsr,1669789637.215,1.132654
E4_Gsr,1669789637.465,1.130093
E4_Gsr,1669789637.715,1.127531
1669789638862,E4_Gsr,1669789637.965,1.127531
1669789638862,E4_Gsr,1669789638.215,1.127531
1669789638862,E4_Gsr,1669789638.465,1.12497
E4_Gsr,1669789638.715,1.122408
E4_Gsr,1669789638.965,1.116004
E4_Gsr,1669789639.215,1.118566
1669789640370,E4_Gsr,1669789639.465,1.113442
1669789640370,E4_Gsr,1669789639.715,1.110881
1669789640371,E4_Gsr,1669789639.965,1.110881
E4_Gsr,1669789640.215,1.108319
E4_Gsr,1669789640.465,1.105758
E4_Gsr,1669789640.715,1.105758
1669789641854,E4_Gsr,1669789640.965,1.100634
1669789641854,E4_Gsr,1669789641.215,1.099354
1669789641855,E4_Gsr,1669789641.465,1.095511
E4_Gsr,1669789641.715,1.091669
E4_Gsr,1669789641.965,1.089107
E4_Gsr,1669789642.215,1.086546
1669789643362,E4_Gsr,1669789642.465,1.082703
1669789643362,E4_Gsr,1669789642.715,1.07758
1669789643362,E4_Gsr,1669789642.965,1.078861
E4_Gsr,1669789643.215,1.072457
E4_Gsr,1669789643.465,1.069896
E4_Gsr,1669789643.715,1.069896
1669789644870,E4_Gsr,1669789644.215,1.062211
1669789644870,E4_Gsr,1669789643.965,1.066053
1669789644870,E4_Gsr,1669789644.465,1.062211
E4_Gsr,1669789644.715,1.064772
E4_Gsr,1669789644.965,1.069896
E4_Gsr,1669789645.215,1.082703
1669789646354,E4_Gsr,1669789645.465,1.085265
1669789646355,E4_Gsr,1669789645.715,1.087827
1669789646355,E4_Gsr,1669789645.965,1.091669
E4_Gsr,1669789646.215,1.089107
E4_Gsr,1669789646.465,1.086546
E4_Gsr,1669789646.715,1.086546
1669789647862,E4_Gsr,1669789646.965,1.086546
1669789647862,E4_Gsr,1669789647.215,1.09295
1669789647863,E4_Gsr,1669789647.465,1.101915
E4_Gsr,1669789647.715,1.107038
E4_Gsr,1669789647.965,1.110881
E4_Gsr,1669789648.215,1.1096
1669789649369,E4_Gsr,1669789648.465,1.110881
1669789649369,E4_Gsr,1669789648.715,1.104477
1669789649370,E4_Gsr,1669789648.965,1.103196
E4_Gsr,1669789649.215,1.096792
E4_Gsr,1669789649.465,1.094231
E4_Gsr,1669789649.715,1.086546
1669789650854,E4_Gsr,1669789649.965,1.078861
1669789650854,E4_Gsr,1669789650.215,1.078861
1669789650855,E4_Gsr,1669789650.465,1.075019
E4_Gsr,1669789650.715,1.071176
E4_Gsr,1669789650.965,1.068615
E4_Gsr,1669789651.215,1.067334
1669789652363,E4_Gsr,1669789651.465,1.076299
1669789652363,E4_Gsr,1669789651.715,1.06093
1669789652363,E4_Gsr,1669789651.965,1.055807
E4_Gsr,1669789652.215,1.054526
E4_Gsr,1669789652.465,1.055807
E4_Gsr,1669789652.715,1.053245
1669789653869,E4_Gsr,1669789652.965,1.054526
1669789653869,E4_Gsr,1669789653.215,1.049403
1669789653870,E4_Gsr,1669789653.465,1.049403
E4_Gsr,1669789653.715,1.046841
E4_Gsr,1669789653.965,1.041718
E4_Gsr,1669789654.215,1.042999
1669789655355,E4_Gsr,1669789654.465,1.037876
1669789655355,E4_Gsr,1669789654.715,1.034033
1669789655355,E4_Gsr,1669789654.965,1.030191
E4_Gsr,1669789655.215,1.030191
E4_Gsr,1669789655.465,1.032753
E4_Gsr,1669789655.715,1.031472
1669789656862,E4_Gsr,1669789655.965,1.032753
1669789656862,E4_Gsr,1669789656.215,1.034033
1669789656863,E4_Gsr,1669789656.465,1.030191
E4_Gsr,1669789656.715,1.026349
E4_Gsr,1669789656.965,1.026349
E4_Gsr,1669789657.215,1.021225
1669789658370,E4_Gsr,1669789657.465,1.021225
1669789658370,E4_Gsr,1669789657.715,1.016102
1669789658371,E4_Gsr,1669789657.965,1.016102
E4_Gsr,1669789658.215,1.008417
E4_Gsr,1669789658.465,1.004575
E4_Gsr,1669789658.715,1.007137
1669789659854,E4_Gsr,1669789658.965,1.003294
1669789659855,E4_Gsr,1669789659.215,0.999452
1669789659855,E4_Gsr,1669789659.465,1.002014
E4_Gsr,1669789659.715,0.9956096
E4_Gsr,1669789659.965,0.9981712
E4_Gsr,1669789660.215,0.9943289
1669789661362,E4_Gsr,1669789660.465,0.9930481
1669789661362,E4_Gsr,1669789660.715,0.9930481
1669789661362,E4_Gsr,1669789660.965,0.9904864
E4_Gsr,1669789661.215,0.9917673
E4_Gsr,1669789661.465,0.9892057
E4_Gsr,1669789661.715,0.9892057
1669789662870,E4_Gsr,1669789661.965,0.9866441
1669789662870,E4_Gsr,1669789662.215,0.9840825
1669789662870,E4_Gsr,1669789662.465,0.9853633
E4_Gsr,1669789662.715,0.9828017
E4_Gsr,1669789662.965,0.9776785
E4_Gsr,1669789663.215,0.9763978
1669789664356,E4_Gsr,1669789663.465,0.9699938
1669789664356,E4_Gsr,1669789663.715,0.9725554
1669789664356,E4_Gsr,1669789663.965,0.9699938
E4_Gsr,1669789664.215,0.9648706
E4_Gsr,1669789664.465,0.9635898
E4_Gsr,1669789664.715,0.968713
1669789665862,E4_Gsr,1669789665.215,0.9623091
1669789665862,E4_Gsr,1669789664.965,0.9674322
1669789665863,E4_Gsr,1669789665.465,0.9610283
E4_Gsr,1669789665.715,0.9597475
E4_Gsr,1669789665.965,0.9597475
E4_Gsr,1669789666.215,0.9546243
1669789667369,E4_Gsr,1669789666.465,0.9520627
1669789667369,E4_Gsr,1669789666.715,0.9942298
1669789667370,E4_Gsr,1669789666.965,0.9967914
E4_Gsr,1669789667.215,1.000634
E4_Gsr,1669789667.465,1.003195
E4_Gsr,1669789667.715,1.007038
1669789668856,E4_Gsr,1669789667.965,1.012161
1669789668856,E4_Gsr,1669789668.215,1.021126
1669789668857,E4_Gsr,1669789668.465,1.030092
E4_Gsr,1669789668.715,1.030092
E4_Gsr,1669789668.965,1.02753
E4_Gsr,1669789669.215,1.02753
1669789670362,E4_Gsr,1669789669.465,1.024969
1669789670362,E4_Gsr,1669789669.715,1.017284
1669789670363,E4_Gsr,1669789669.965,1.014722
E4_Gsr,1669789670.215,1.008319
E4_Gsr,1669789670.465,1.005757
E4_Gsr,1669789670.715,0.9980721
1669789671870,E4_Gsr,1669789670.965,0.9967914
1669789671870,E4_Gsr,1669789671.215,0.9955106
1669789671870,E4_Gsr,1669789671.465,0.9903874
E4_Gsr,1669789671.715,0.986545
E4_Gsr,1669789671.965,0.9827027
E4_Gsr,1669789672.215,0.9839835
1669789673355,E4_Gsr,1669789672.465,0.9801411
1669789673355,E4_Gsr,1669789672.715,0.9750179
1669789673355,E4_Gsr,1669789672.965,0.9724563
E4_Gsr,1669789673.215,0.9698948
E4_Gsr,1669789673.465,0.968614
E4_Gsr,1669789673.715,0.9711756
1669789674862,E4_Gsr,1669789673.965,0.9673332
1669789674862,E4_Gsr,1669789674.215,0.9698948
1669789674863,E4_Gsr,1669789674.465,0.9673332
E4_Gsr,1669789674.715,0.9634908
E4_Gsr,1669789674.965,0.9673332
E4_Gsr,1669789675.215,0.9634908
1669789676369,E4_Gsr,1669789675.465,0.9596484
1669789676369,E4_Gsr,1669789675.715,0.9583676
1669789676371,E4_Gsr,1669789675.965,0.9583676
E4_Gsr,1669789676.215,0.9583676
E4_Gsr,1669789676.465,0.9570869
E4_Gsr,1669789676.715,0.9583676
1669789677855,E4_Gsr,1669789676.965,0.9583676
1669789677855,E4_Gsr,1669789677.215,0.9570869
1669789677856,E4_Gsr,1669789677.465,0.9596484
E4_Gsr,1669789677.715,0.9558061
E4_Gsr,1669789677.965,0.9545253
E4_Gsr,1669789678.215,0.9506829
1669789679364,E4_Gsr,1669789678.465,0.9481213
1669789679364,E4_Gsr,1669789678.715,0.9468405
1669789679365,E4_Gsr,1669789678.965,0.944279
E4_Gsr,1669789679.215,0.9404365
E4_Gsr,1669789679.465,0.9404365
E4_Gsr,1669789679.715,0.9429982
1669789680871,E4_Gsr,1669789679.965,0.9429982
1669789680871,E4_Gsr,1669789680.215,0.9468405
1669789680872,E4_Gsr,1669789680.465,0.9494021
E4_Gsr,1669789680.715,0.9455597
E4_Gsr,1669789680.965,0.9404365
E4_Gsr,1669789681.215,0.9365942
1669789682354,E4_Gsr,1669789681.465,0.9365942
1669789682355,E4_Gsr,1669789681.715,0.931471
1669789682355,E4_Gsr,1669789681.965,0.9263479
E4_Gsr,1669789682.215,0.9237863
E4_Gsr,1669789682.465,0.9199439
E4_Gsr,1669789682.715,0.9199439
1669789683862,E4_Gsr,1669789682.965,0.9135399
1669789683862,E4_Gsr,1669789683.215,0.9122592
1669789683863,E4_Gsr,1669789683.465,0.9109784
E4_Gsr,1669789683.715,0.9084168
E4_Gsr,1669789683.965,0.9058552
E4_Gsr,1669789684.215,0.907136
1669789685370,E4_Gsr,1669789684.465,0.9020128
1669789685370,E4_Gsr,1669789684.715,0.9020128
1669789685371,E4_Gsr,1669789684.965,0.900732
E4_Gsr,1669789685.215,0.900732
E4_Gsr,1669789685.465,0.8981705
E4_Gsr,1669789685.715,0.8956088
1669789686856,E4_Gsr,1669789685.965,0.8943281
1669789686856,E4_Gsr,1669789686.215,0.8943281
1669789686857,E4_Gsr,1669789686.465,0.8930473
E4_Gsr,1669789686.715,0.8904857
E4_Gsr,1669789686.965,0.8879241
E4_Gsr,1669789687.215,0.8866434
1669789688385,E4_Gsr,1669789687.465,0.8853626
1669789688385,E4_Gsr,1669789687.715,0.8815202
1669789688386,E4_Gsr,1669789687.965,0.8828009
E4_Gsr,1669789688.215,0.8776778
E4_Gsr,1669789688.465,0.8725546
E4_Gsr,1669789688.715,0.8738354
1669789689870,E4_Gsr,1669789688.965,0.8712738
1669789689870,E4_Gsr,1669789689.215,0.8687122
1669789689871,E4_Gsr,1669789689.465,0.8687122
E4_Gsr,1669789689.715,0.8648699
E4_Gsr,1669789689.965,0.8635891
E4_Gsr,1669789690.215,0.8648699
1669789691378,E4_Gsr,1669789690.465,0.8635891
1669789691378,E4_Gsr,1669789690.715,0.8610275
1669789691379,E4_Gsr,1669789690.965,0.8623083
E4_Gsr,1669789691.215,0.8610275
E4_Gsr,1669789691.465,0.8610275
E4_Gsr,1669789691.715,0.8571851
1669789692863,E4_Gsr,1669789691.965,0.8571851
1669789692863,E4_Gsr,1669789692.215,0.852062
1669789692863,E4_Gsr,1669789692.465,0.8571851
E4_Gsr,1669789692.715,0.8495004
E4_Gsr,1669789692.965,0.8482196
E4_Gsr,1669789693.215,0.8495004
1669789694348,E4_Gsr,1669789693.465,0.8418157
1669789694348,E4_Gsr,1669789693.715,0.8418157
1669789694348,E4_Gsr,1669789693.965,0.8392541
E4_Gsr,1669789694.215,0.8405349
E4_Gsr,1669789694.465,0.8354117
E4_Gsr,1669789694.715,0.8354117
1669789695855,E4_Gsr,1669789694.965,0.8366925
1669789695855,E4_Gsr,1669789695.215,0.8354117
1669789695856,E4_Gsr,1669789695.465,0.8328501
E4_Gsr,1669789695.715,0.8328501
E4_Gsr,1669789695.965,0.8290077
E4_Gsr,1669789696.215,0.8264461
1669789697408,E4_Gsr,1669789696.465,0.8264461
1669789697408,E4_Gsr,1669789696.715,0.8226038
1669789697408,E4_Gsr,1669789696.965,0.8226038
E4_Gsr,1669789697.215,0.821323
E4_Gsr,1669789697.465,0.8174806
E4_Gsr,1669789697.715,0.8187614
1669789698848,E4_Gsr,1669789697.965,0.8110766
1669789698848,E4_Gsr,1669789698.215,0.8123574
1669789698848,E4_Gsr,1669789698.465,0.8123574
E4_Gsr,1669789698.715,0.8110766
E4_Gsr,1669789698.965,0.8072343
E4_Gsr,1669789699.215,0.8059535
1669789700355,E4_Gsr,1669789699.715,0.8021111
1669789700355,E4_Gsr,1669789699.465,0.8046727
1669789700356,E4_Gsr,1669789699.965,0.8059535
E4_Gsr,1669789700.215,0.8021111
E4_Gsr,1669789700.465,0.8021111
E4_Gsr,1669789700.715,0.796988
1669789701864,E4_Gsr,1669789700.965,0.7982687
1669789701864,E4_Gsr,1669789701.215,0.7982687
1669789701864,E4_Gsr,1669789701.465,0.796988
E4_Gsr,1669789701.715,0.7918648
E4_Gsr,1669789701.965,0.790584
E4_Gsr,1669789702.215,0.7893032
1669789703349,E4_Gsr,1669789702.465,0.7867416
1669789703349,E4_Gsr,1669789702.715,0.78418
1669789703350,E4_Gsr,1669789702.965,0.7854608
E4_Gsr,1669789703.215,0.7828993
E4_Gsr,1669789703.465,0.7790568
E4_Gsr,1669789703.715,0.7777761
1669789704856,E4_Gsr,1669789703.965,0.7764953
1669789704856,E4_Gsr,1669789704.215,0.7726529
1669789704856,E4_Gsr,1669789704.465,0.7752145
E4_Gsr,1669789704.715,0.7713721
E4_Gsr,1669789704.965,0.7700914
E4_Gsr,1669789705.215,0.7700914
1669789706363,E4_Gsr,1669789705.465,0.7688106
1669789706363,E4_Gsr,1669789705.715,0.7700914
1669789706363,E4_Gsr,1669789705.965,0.7739337
E4_Gsr,1669789706.215,0.7739337
E4_Gsr,1669789706.465,0.7803377
E4_Gsr,1669789706.715,0.7880224
1669789707848,E4_Gsr,1669789706.965,0.7957072
1669789707848,E4_Gsr,1669789707.215,0.8021111
1669789707849,E4_Gsr,1669789707.465,0.8200422
E4_Gsr,1669789707.715,0.8187614
E4_Gsr,1669789707.965,0.8174806
E4_Gsr,1669789708.215,0.8161998
1669789709356,E4_Gsr,1669789708.715,0.8085151
1669789709356,E4_Gsr,1669789708.465,0.8136382
1669789709357,E4_Gsr,1669789708.965,0.8033919
E4_Gsr,1669789709.215,0.8008303
E4_Gsr,1669789709.465,0.8008303
E4_Gsr,1669789709.715,0.7995495
1669789710863,E4_Gsr,1669789709.965,0.7957072
1669789710863,E4_Gsr,1669789710.215,0.7957072
1669789710863,E4_Gsr,1669789710.465,0.7944264
E4_Gsr,1669789710.715,0.7893032
E4_Gsr,1669789710.965,0.7893032
E4_Gsr,1669789711.215,0.7918648
1669789712370,E4_Gsr,1669789711.465,0.790584
1669789712370,E4_Gsr,1669789711.715,0.7893032
1669789712371,E4_Gsr,1669789711.965,0.7854608
E4_Gsr,1669789712.215,0.7828993
E4_Gsr,1669789712.465,0.7816185
E4_Gsr,1669789712.715,0.7816185
1669789713856,E4_Gsr,1669789712.965,0.7803377
1669789713856,E4_Gsr,1669789713.215,0.7816185
1669789713856,E4_Gsr,1669789713.465,0.7803377
E4_Gsr,1669789713.715,0.7777761
E4_Gsr,1669789713.965,0.7764953
E4_Gsr,1669789714.215,0.7764953
1669789715363,E4_Gsr,1669789714.465,0.7739337
1669789715363,E4_Gsr,1669789714.715,0.7713721
1669789715364,E4_Gsr,1669789714.965,0.7700914
E4_Gsr,1669789715.215,0.7688106
E4_Gsr,1669789715.465,0.7713721
E4_Gsr,1669789715.715,0.7675297
1669789716848,E4_Gsr,1669789715.965,0.7726529
1669789716848,E4_Gsr,1669789716.215,0.7752145
1669789716849,E4_Gsr,1669789716.465,0.7752145
E4_Gsr,1669789716.715,0.7713721
E4_Gsr,1669789716.965,0.7713721
E4_Gsr,1669789717.215,0.7700914
1669789718357,E4_Gsr,1669789717.465,0.7649682
1669789718357,E4_Gsr,1669789717.715,0.7662489
1669789718357,E4_Gsr,1669789717.965,0.7662489
E4_Gsr,1669789718.215,0.7572834
E4_Gsr,1669789718.465,0.759845
E4_Gsr,1669789718.715,0.7611258
1669789719863,E4_Gsr,1669789718.965,0.7585642
1669789719863,E4_Gsr,1669789719.215,0.7572834
1669789719864,E4_Gsr,1669789719.465,0.7560026
E4_Gsr,1669789719.715,0.7521603
E4_Gsr,1669789719.965,0.7508795
E4_Gsr,1669789720.215,0.7508795
1669789721348,E4_Gsr,1669789720.465,0.7495987
1669789721348,E4_Gsr,1669789720.715,0.7483179
1669789721348,E4_Gsr,1669789720.965,0.7495987
E4_Gsr,1669789721.215,0.7560026
E4_Gsr,1669789721.465,0.753441
E4_Gsr,1669789721.715,0.753441
1669789722856,E4_Gsr,1669789721.965,0.7547218
1669789722856,E4_Gsr,1669789722.215,0.7495987
1669789722856,E4_Gsr,1669789722.465,0.7470371
E4_Gsr,1669789722.715,0.7431947
E4_Gsr,1669789722.965,0.7419139
E4_Gsr,1669789723.215,0.7380716
1669789724364,E4_Gsr,1669789723.465,0.7419139
1669789724364,E4_Gsr,1669789723.715,0.7367908
1669789724365,E4_Gsr,1669789723.965,0.73551
E4_Gsr,1669789724.215,0.7367908
E4_Gsr,1669789724.465,0.7342292
E4_Gsr,1669789724.715,0.7329484
1669789725849,E4_Gsr,1669789725.215,0.7303868
1669789725850,E4_Gsr,1669789724.965,0.7329484
1669789725850,E4_Gsr,1669789725.465,0.7316676
E4_Gsr,1669789725.715,0.7303868
E4_Gsr,1669789725.965,0.7316676
E4_Gsr,1669789726.215,0.729106
1669789727378,E4_Gsr,1669789726.465,0.7316676
1669789727379,E4_Gsr,1669789726.715,0.7278252
1669789727379,E4_Gsr,1669789726.965,0.729106
E4_Gsr,1669789727.215,0.7265444
E4_Gsr,1669789727.465,0.7239829
E4_Gsr,1669789727.715,0.7265444
1669789728863,E4_Gsr,1669789727.965,0.729106
1669789728863,E4_Gsr,1669789728.215,0.7278252
1669789728863,E4_Gsr,1669789728.465,0.7252637
E4_Gsr,1669789728.715,0.7227021
E4_Gsr,1669789728.965,0.7188597
E4_Gsr,1669789729.215,0.7252637
1669789730350,E4_Gsr,1669789729.465,0.729106
1669789730350,E4_Gsr,1669789729.715,0.7367908
1669789730350,E4_Gsr,1669789729.965,0.7419139
E4_Gsr,1669789730.215,0.7495987
E4_Gsr,1669789730.465,0.753441
E4_Gsr,1669789730.715,0.753441
1669789731855,E4_Gsr,1669789730.965,0.7495987
1669789731856,E4_Gsr,1669789731.215,0.7470371
1669789731856,E4_Gsr,1669789731.465,0.7457563
E4_Gsr,1669789731.715,0.7419139
E4_Gsr,1669789731.965,0.7393523
E4_Gsr,1669789732.215,0.7380716
1669789733363,E4_Gsr,1669789732.465,0.7367908
1669789733364,E4_Gsr,1669789732.715,0.7393523
1669789733364,E4_Gsr,1669789732.965,0.7367908
E4_Gsr,1669789733.215,0.7393523
E4_Gsr,1669789733.465,0.7393523
E4_Gsr,1669789733.715,0.7367908
1669789734849,E4_Gsr,1669789733.965,0.7367908
1669789734849,E4_Gsr,1669789734.215,0.73551
1669789734852,E4_Gsr,1669789734.465,0.7342292
E4_Gsr,1669789734.715,0.73551
E4_Gsr,1669789734.965,0.7367908
E4_Gsr,1669789735.215,0.7367908
1669789736356,E4_Gsr,1669789735.465,0.7316676
1669789736356,E4_Gsr,1669789735.715,0.729106
1669789736357,E4_Gsr,1669789735.965,0.729106
E4_Gsr,1669789736.215,0.7278252
E4_Gsr,1669789736.465,0.729106
E4_Gsr,1669789736.715,0.7252637
1669789737863,E4_Gsr,1669789736.965,0.7265444
1669789737863,E4_Gsr,1669789737.215,0.7239829
1669789737864,E4_Gsr,1669789737.465,0.7214212
E4_Gsr,1669789737.715,0.7175789
E4_Gsr,1669789737.965,0.7175789
E4_Gsr,1669789738.215,0.7201405
1669789739348,E4_Gsr,1669789738.465,0.7162981
1669789739348,E4_Gsr,1669789738.715,0.711175
1669789739349,E4_Gsr,1669789738.965,0.711175
E4_Gsr,1669789739.215,0.7073326
E4_Gsr,1669789739.465,0.7098941
E4_Gsr,1669789739.715,0.7060518
1669789740857,E4_Gsr,1669789739.965,0.7060518
1669789740857,E4_Gsr,1669789740.215,0.7086133
1669789740857,E4_Gsr,1669789740.465,0.704771
E4_Gsr,1669789740.715,0.7022094
E4_Gsr,1669789740.965,0.7034902
E4_Gsr,1669789741.215,0.7022094
1669789742363,E4_Gsr,1669789741.465,0.6996478
1669789742364,E4_Gsr,1669789741.715,0.7009286
1669789742364,E4_Gsr,1669789741.965,0.6996478
E4_Gsr,1669789742.215,0.6996478
E4_Gsr,1669789742.465,0.698367
E4_Gsr,1669789742.715,0.698367
1669789743848,E4_Gsr,1669789742.965,0.6932439
1669789743848,E4_Gsr,1669789743.215,0.6945246
1669789743848,E4_Gsr,1669789743.465,0.6945246
E4_Gsr,1669789743.715,0.6919631
E4_Gsr,1669789743.965,0.6906823
E4_Gsr,1669789744.215,0.6932439
1669789745356,E4_Gsr,1669789744.465,0.6868399
1669789745356,E4_Gsr,1669789744.715,0.6881207
1669789745357,E4_Gsr,1669789744.965,0.6881207
E4_Gsr,1669789745.215,0.6829975
E4_Gsr,1669789745.465,0.6829975
E4_Gsr,1669789745.715,0.6817167
1669789746863,E4_Gsr,1669789745.965,0.6765936
1669789746863,E4_Gsr,1669789746.215,0.6753128
1669789746864,E4_Gsr,1669789746.465,0.6765936
E4_Gsr,1669789746.715,0.674032
E4_Gsr,1669789746.965,0.6701896
E4_Gsr,1669789747.215,0.6714704
1669789748348,E4_Gsr,1669789747.465,0.6727512
1669789748348,E4_Gsr,1669789747.715,0.667628
1669789748349,E4_Gsr,1669789747.965,0.6650665
E4_Gsr,1669789748.215,0.6663473
E4_Gsr,1669789748.465,0.6650665
E4_Gsr,1669789748.715,0.6650665
1669789749856,E4_Gsr,1669789748.965,0.6599433
1669789749856,E4_Gsr,1669789749.215,0.6650665
1669789749857,E4_Gsr,1669789749.465,0.6650665
E4_Gsr,1669789749.715,0.6650665
E4_Gsr,1669789749.965,0.6650665
E4_Gsr,1669789750.215,0.6663473
1669789751363,E4_Gsr,1669789750.465,0.6637856
1669789751363,E4_Gsr,1669789750.715,0.6612241
1669789751365,E4_Gsr,1669789750.965,0.6637856
E4_Gsr,1669789751.215,0.6637856
E4_Gsr,1669789751.465,0.6637856
E4_Gsr,1669789751.715,0.6637856
1669789752849,E4_Gsr,1669789751.965,0.6637856
1669789752849,E4_Gsr,1669789752.215,0.6714704
1669789752849,E4_Gsr,1669789752.465,0.674032
E4_Gsr,1669789752.715,0.6753128
E4_Gsr,1669789752.965,0.6817167
E4_Gsr,1669789753.215,0.6881207
1669789754357,E4_Gsr,1669789753.715,0.6894015
1669789754359,E4_Gsr,1669789753.465,0.6894015
1669789754359,E4_Gsr,1669789753.965,0.6881207
E4_Gsr,1669789754.215,0.6894015
E4_Gsr,1669789754.465,0.6868399
E4_Gsr,1669789754.715,0.6868399
1669789755864,E4_Gsr,1669789754.965,0.6829975
1669789755864,E4_Gsr,1669789755.215,0.6842783
1669789755865,E4_Gsr,1669789755.465,0.6778744
E4_Gsr,1669789755.715,0.6778744
E4_Gsr,1669789755.965,0.6753128
E4_Gsr,1669789756.215,0.6765936
1669789757349,E4_Gsr,1669789756.465,0.6727512
1669789757349,E4_Gsr,1669789756.715,0.6727512
1669789757350,E4_Gsr,1669789756.965,0.6753128
E4_Gsr,1669789757.215,0.6753128
E4_Gsr,1669789757.465,0.6753128
E4_Gsr,1669789757.715,0.6753128
1669789758856,E4_Gsr,1669789757.965,0.6778744
1669789758856,E4_Gsr,1669789758.215,0.674032
1669789758856,E4_Gsr,1669789758.465,0.6753128
E4_Gsr,1669789758.715,0.674032
E4_Gsr,1669789758.965,0.6701896
E4_Gsr,1669789759.215,0.6689088
1669789760386,E4_Gsr,1669789759.465,0.6701896
1669789760386,E4_Gsr,1669789759.715,0.6701896
1669789760386,E4_Gsr,1669789759.965,0.667628
E4_Gsr,1669789760.215,0.6701896
E4_Gsr,1669789760.465,0.6701896
E4_Gsr,1669789760.715,0.667628
1669789761849,E4_Gsr,1669789760.965,0.6663473
1669789761849,E4_Gsr,1669789761.215,0.6625049
1669789761849,E4_Gsr,1669789761.465,0.6637856
E4_Gsr,1669789761.715,0.6637856
E4_Gsr,1669789761.965,0.6586625
E4_Gsr,1669789762.215,0.6573817
1669789763358,E4_Gsr,1669789762.465,0.6548201
1669789763358,E4_Gsr,1669789762.715,0.6484162
1669789763358,E4_Gsr,1669789762.965,0.6496969
E4_Gsr,1669789763.215,0.6496969
E4_Gsr,1669789763.465,0.6484162
E4_Gsr,1669789763.715,0.6471354
1669789764841,E4_Gsr,1669789763.965,0.6471354
1669789764841,E4_Gsr,1669789764.215,0.6445738
1669789764842,E4_Gsr,1669789764.465,0.6445738
E4_Gsr,1669789764.715,0.6445738
E4_Gsr,1669789764.965,0.643293
E4_Gsr,1669789765.215,0.643293
1669789766351,E4_Gsr,1669789765.465,0.643293
1669789766351,E4_Gsr,1669789765.715,0.6445738
1669789766351,E4_Gsr,1669789765.965,0.6458546
E4_Gsr,1669789766.215,0.6420122
E4_Gsr,1669789766.465,0.6407314
E4_Gsr,1669789766.715,0.6458546
1669789767858,E4_Gsr,1669789766.965,0.643293
1669789767858,E4_Gsr,1669789767.215,0.643293
1669789767860,E4_Gsr,1669789767.465,0.6445738
E4_Gsr,1669789767.715,0.6471354
E4_Gsr,1669789767.965,0.6484162
E4_Gsr,1669789768.215,0.6471354
1669789769341,E4_Gsr,1669789768.465,0.6484162
1669789769341,E4_Gsr,1669789768.715,0.6509777
1669789769342,E4_Gsr,1669789768.965,0.6471354
E4_Gsr,1669789769.215,0.6496969
E4_Gsr,1669789769.465,0.6484162
E4_Gsr,1669789769.715,0.6445738
1669789770848,E4_Gsr,1669789769.965,0.6420122
1669789770848,E4_Gsr,1669789770.215,0.6407314
1669789770850,E4_Gsr,1669789770.465,0.6407314
E4_Gsr,1669789770.715,0.6394506
E4_Gsr,1669789770.965,0.6381698
E4_Gsr,1669789771.215,0.636889
1669789772357,E4_Gsr,1669789771.465,0.636889
1669789772357,E4_Gsr,1669789771.715,0.6343275
1669789772357,E4_Gsr,1669789771.965,0.6343275
E4_Gsr,1669789772.215,0.6292043
E4_Gsr,1669789772.465,0.6279235
E4_Gsr,1669789772.715,0.6330467
1669789773842,E4_Gsr,1669789773.215,0.6279235
1669789773842,E4_Gsr,1669789772.965,0.6317659
1669789773842,E4_Gsr,1669789773.465,0.6304851
E4_Gsr,1669789773.715,0.6253619
E4_Gsr,1669789773.965,0.6279235
E4_Gsr,1669789774.215,0.6317659
1669789775349,E4_Gsr,1669789774.465,0.6279235
1669789775349,E4_Gsr,1669789774.715,0.6266427
1669789775350,E4_Gsr,1669789774.965,0.6266427
E4_Gsr,1669789775.215,0.6279235
E4_Gsr,1669789775.465,0.6304851
E4_Gsr,1669789775.715,0.6240811
1669789776857,E4_Gsr,1669789775.965,0.6228004
1669789776857,E4_Gsr,1669789776.215,0.6240811
1669789776857,E4_Gsr,1669789776.465,0.6215196
E4_Gsr,1669789776.715,0.618958
E4_Gsr,1669789776.965,0.6163964
E4_Gsr,1669789777.215,0.6176772
1669789778343,E4_Gsr,1669789777.465,0.6176772
1669789778343,E4_Gsr,1669789777.715,0.6151156
1669789778344,E4_Gsr,1669789777.965,0.6202388
E4_Gsr,1669789778.215,0.6176772
E4_Gsr,1669789778.465,0.6138348
E4_Gsr,1669789778.715,0.6151156
1669789779849,E4_Gsr,1669789778.965,0.6138348
1669789779850,E4_Gsr,1669789779.215,0.6138348
1669789779850,E4_Gsr,1669789779.465,0.612554
E4_Gsr,1669789779.715,0.6138348
E4_Gsr,1669789779.965,0.612554
E4_Gsr,1669789780.215,0.6112732
1669789781356,E4_Gsr,1669789780.465,0.6099924
1669789781356,E4_Gsr,1669789780.715,0.6087117
1669789781357,E4_Gsr,1669789780.965,0.60615
E4_Gsr,1669789781.215,0.60615
E4_Gsr,1669789781.465,0.6087117
E4_Gsr,1669789781.715,0.6023077
1669789782842,E4_Gsr,1669789781.965,0.6035885
1669789782842,E4_Gsr,1669789782.215,0.6023077
1669789782842,E4_Gsr,1669789782.465,0.6010269
E4_Gsr,1669789782.715,0.5997461
E4_Gsr,1669789782.965,0.6010269
E4_Gsr,1669789783.215,0.6010269
1669789784350,E4_Gsr,1669789783.465,0.6010269
1669789784350,E4_Gsr,1669789783.715,0.5959038
1669789784351,E4_Gsr,1669789783.965,0.5959038
E4_Gsr,1669789784.215,0.5946229
E4_Gsr,1669789784.465,0.5920613
E4_Gsr,1669789784.715,0.5920613
1669789785856,E4_Gsr,1669789784.965,0.5907806
1669789785856,E4_Gsr,1669789785.215,0.5869382
1669789785857,E4_Gsr,1669789785.465,0.5907806
E4_Gsr,1669789785.715,0.588219
E4_Gsr,1669789785.965,0.5856574
E4_Gsr,1669789786.215,0.5907806
1669789787342,E4_Gsr,1669789786.465,0.5869382
1669789787342,E4_Gsr,1669789786.715,0.5856574
1669789787343,E4_Gsr,1669789786.965,0.5856574
E4_Gsr,1669789787.215,0.5830958
E4_Gsr,1669789787.465,0.5856574
E4_Gsr,1669789787.715,0.581815
1669789788849,E4_Gsr,1669789787.965,0.5805342
1669789788849,E4_Gsr,1669789788.215,0.5869382
1669789788849,E4_Gsr,1669789788.465,0.5830958
E4_Gsr,1669789788.715,0.581815
E4_Gsr,1669789788.965,0.5830958
E4_Gsr,1669789789.215,0.5805342
1669789790359,E4_Gsr,1669789789.465,0.5805342
1669789790359,E4_Gsr,1669789789.715,0.5792534
1669789790359,E4_Gsr,1669789789.965,0.5792534
E4_Gsr,1669789790.215,0.5754111
E4_Gsr,1669789790.465,0.5779727
E4_Gsr,1669789790.715,0.5741303
1669789791842,E4_Gsr,1669789790.965,0.5702879
1669789791842,E4_Gsr,1669789791.215,0.5715687
1669789791843,E4_Gsr,1669789791.465,0.5728495
E4_Gsr,1669789791.715,0.5702879
E4_Gsr,1669789791.965,0.5728495
E4_Gsr,1669789792.215,0.5702879
1669789793350,E4_Gsr,1669789792.465,0.5690071
1669789793350,E4_Gsr,1669789792.715,0.5664455
1669789793350,E4_Gsr,1669789792.965,0.5677263
E4_Gsr,1669789793.215,0.5664455
E4_Gsr,1669789793.465,0.5664455
E4_Gsr,1669789793.715,0.5664455
1669789794857,E4_Gsr,1669789793.965,0.5677263
1669789794859,E4_Gsr,1669789794.465,0.563884
E4_Gsr,1669789794.715,0.5613224
E4_Gsr,1669789794.965,0.5600415
E4_Gsr,1669789795.215,0.5600415
1669789794861,E4_Gsr,1669789794.215,0.5651647
1669789796343,E4_Gsr,1669789795.465,0.5587608
1669789796343,E4_Gsr,1669789795.715,0.55748
1669789796344,E4_Gsr,1669789795.965,0.5561992
E4_Gsr,1669789796.215,0.5561992
E4_Gsr,1669789796.465,0.5536376
E4_Gsr,1669789796.715,0.5549184
1669789797849,E4_Gsr,1669789796.965,0.5510761
1669789797849,E4_Gsr,1669789797.215,0.5485144
1669789797849,E4_Gsr,1669789797.465,0.5497953
E4_Gsr,1669789797.715,0.5472336
E4_Gsr,1669789797.965,0.5472336
E4_Gsr,1669789798.215,0.5472336
1669789799357,E4_Gsr,1669789798.465,0.5446721
1669789799357,E4_Gsr,1669789798.715,0.5459529
1669789799357,E4_Gsr,1669789798.965,0.5446721
E4_Gsr,1669789799.215,0.5446721
E4_Gsr,1669789799.465,0.5395489
E4_Gsr,1669789799.715,0.5472336
1669789800844,E4_Gsr,1669789799.965,0.5459529
1669789800844,E4_Gsr,1669789800.215,0.5433913
1669789800844,E4_Gsr,1669789800.465,0.5459529
E4_Gsr,1669789800.715,0.5472336
E4_Gsr,1669789800.965,0.5510761
E4_Gsr,1669789801.215,0.5523568
1669789802350,E4_Gsr,1669789801.465,0.5497953
1669789802350,E4_Gsr,1669789801.715,0.5561992
1669789802350,E4_Gsr,1669789801.965,0.5536376
E4_Gsr,1669789802.215,0.5523568
E4_Gsr,1669789802.465,0.5523568
E4_Gsr,1669789802.715,0.5459529
1669789803857,E4_Gsr,1669789802.965,0.5472336
1669789803857,E4_Gsr,1669789803.215,0.5433913
1669789803858,E4_Gsr,1669789803.465,0.5421105
E4_Gsr,1669789803.715,0.5395489
E4_Gsr,1669789803.965,0.5382681
E4_Gsr,1669789804.215,0.5408297
1669789805346,E4_Gsr,1669789804.465,0.5395489
1669789805346,E4_Gsr,1669789804.715,0.5369873
1669789805347,E4_Gsr,1669789804.965,0.5382681
E4_Gsr,1669789805.215,0.5344257
E4_Gsr,1669789805.465,0.5318642
E4_Gsr,1669789805.715,0.5280218
1669789806851,E4_Gsr,1669789805.965,0.5318642
1669789806851,E4_Gsr,1669789806.215,0.533145
1669789806851,E4_Gsr,1669789806.465,0.5293026
E4_Gsr,1669789806.715,0.526741
E4_Gsr,1669789806.965,0.5241794
E4_Gsr,1669789807.215,0.5241794
1669789808357,E4_Gsr,1669789807.465,0.5228986
1669789808357,E4_Gsr,1669789807.715,0.5228986
1669789808358,E4_Gsr,1669789807.965,0.5216178
E4_Gsr,1669789808.215,0.5190563
E4_Gsr,1669789808.465,0.520337
E4_Gsr,1669789808.715,0.5190563
1669789809843,E4_Gsr,1669789808.965,0.5164947
1669789809843,E4_Gsr,1669789809.215,0.5164947
1669789809843,E4_Gsr,1669789809.465,0.5164947
E4_Gsr,1669789809.715,0.5152139
E4_Gsr,1669789809.965,0.5126523
E4_Gsr,1669789810.215,0.5152139
1669789811350,E4_Gsr,1669789810.715,0.5100907
1669789811350,E4_Gsr,1669789810.465,0.5113715
1669789811350,E4_Gsr,1669789810.965,0.5100907
E4_Gsr,1669789811.215,0.5164947
E4_Gsr,1669789811.465,0.5152139
E4_Gsr,1669789811.715,0.5126523
1669789812857,E4_Gsr,1669789811.965,0.5126523
1669789812857,E4_Gsr,1669789812.215,0.5113715
1669789812857,E4_Gsr,1669789812.465,0.5100907
E4_Gsr,1669789812.715,0.5036868
E4_Gsr,1669789812.965,0.5075291
E4_Gsr,1669789813.215,0.5075291
1669789814365,E4_Gsr,1669789813.465,0.5036868
1669789814365,E4_Gsr,1669789813.715,0.5036868
1669789814366,E4_Gsr,1669789813.965,0.5049676
E4_Gsr,1669789814.215,0.5062484
E4_Gsr,1669789814.465,0.5036868
E4_Gsr,1669789814.715,0.5024059
1669789815850,E4_Gsr,1669789814.965,0.5011252
1669789815850,E4_Gsr,1669789815.215,0.4998444
1669789815851,E4_Gsr,1669789815.465,0.5011252
E4_Gsr,1669789815.715,0.4972828
E4_Gsr,1669789815.965,0.4985636
E4_Gsr,1669789816.215,0.4972828
1669789817357,E4_Gsr,1669789816.465,0.4998444
1669789817357,E4_Gsr,1669789816.715,0.496002
1669789817358,E4_Gsr,1669789816.965,0.496002
E4_Gsr,1669789817.215,0.4947212
E4_Gsr,1669789817.465,0.496002
E4_Gsr,1669789817.715,0.496002
1669789818864,E4_Gsr,1669789817.965,0.4908789
1669789818865,E4_Gsr,1669789818.215,0.4883173
1669789818866,E4_Gsr,1669789818.465,0.4908789
E4_Gsr,1669789818.715,0.4895981
E4_Gsr,1669789818.965,0.4921596
E4_Gsr,1669789819.215,0.4934404
1669789820350,E4_Gsr,1669789819.465,0.4972828
1669789820350,E4_Gsr,1669789819.715,0.4972828
1669789820350,E4_Gsr,1669789819.965,0.5062484
E4_Gsr,1669789820.215,0.5049676
E4_Gsr,1669789820.465,0.5100907
E4_Gsr,1669789820.715,0.5113715
1669789821857,E4_Gsr,1669789820.965,0.5126523
1669789821857,E4_Gsr,1669789821.215,0.5088099
1669789821858,E4_Gsr,1669789821.465,0.5088099
E4_Gsr,1669789821.715,0.5062484
E4_Gsr,1669789821.965,0.5062484
E4_Gsr,1669789822.215,0.5049676
1669789823343,E4_Gsr,1669789822.465,0.5075291
1669789823343,E4_Gsr,1669789822.715,0.5100907
1669789823343,E4_Gsr,1669789822.965,0.5100907
E4_Gsr,1669789823.215,0.5152139
E4_Gsr,1669789823.465,0.5164947
E4_Gsr,1669789823.715,0.5190563
1669789824850,E4_Gsr,1669789823.965,0.5164947
1669789824850,E4_Gsr,1669789824.215,0.5152139
1669789824851,E4_Gsr,1669789824.465,0.5177755
E4_Gsr,1669789824.715,0.5139331
E4_Gsr,1669789824.965,0.5177755
E4_Gsr,1669789825.215,0.5139331
1669789826335,E4_Gsr,1669789825.465,0.5152139
1669789826335,E4_Gsr,1669789825.715,0.5139331
1669789826336,E4_Gsr,1669789825.965,0.5113715
E4_Gsr,1669789826.215,0.5075291
E4_Gsr,1669789826.465,0.5049676
E4_Gsr,1669789826.715,0.5088099
1669789827842,E4_Gsr,1669789826.965,0.5062484
1669789827842,E4_Gsr,1669789827.215,0.5036868
1669789827846,E4_Gsr,1669789827.465,0.5024059
E4_Gsr,1669789827.715,0.4998444
E4_Gsr,1669789827.965,0.5024059
E4_Gsr,1669789828.215,0.5036868
1669789829350,E4_Gsr,1669789828.465,0.5036868
1669789829350,E4_Gsr,1669789828.715,0.4985636
1669789829351,E4_Gsr,1669789828.965,0.5024059
E4_Gsr,1669789829.215,0.4972828
E4_Gsr,1669789829.465,0.5011252
E4_Gsr,1669789829.715,0.5011252
1669789830836,E4_Gsr,1669789829.965,0.4985636
1669789830836,E4_Gsr,1669789830.215,0.4972828
1669789830836,E4_Gsr,1669789830.465,0.4985636
E4_Gsr,1669789830.715,0.4998444
E4_Gsr,1669789830.965,0.4985636
E4_Gsr,1669789831.215,0.5036868
1669789832342,E4_Gsr,1669789831.465,0.5088099
1669789832342,E4_Gsr,1669789831.715,0.5139331
1669789832343,E4_Gsr,1669789831.965,0.520337
E4_Gsr,1669789832.215,0.5241794
E4_Gsr,1669789832.465,0.5241794
E4_Gsr,1669789832.715,0.5228986
1669789833875,E4_Gsr,1669789832.965,0.5305834
1669789833875,E4_Gsr,1669789833.215,0.5357065
1669789833875,E4_Gsr,1669789833.465,0.5433913
E4_Gsr,1669789833.715,0.5510761
E4_Gsr,1669789833.965,0.5677263
E4_Gsr,1669789834.215,0.5741303
1669789835335,E4_Gsr,1669789834.465,0.5690071
1669789835335,E4_Gsr,1669789834.715,0.5690071
1669789835336,E4_Gsr,1669789834.965,0.5677263
E4_Gsr,1669789835.215,0.5626032
E4_Gsr,1669789835.465,0.5587608
E4_Gsr,1669789835.715,0.55748
1669789836843,E4_Gsr,1669789835.965,0.5549184
1669789836843,E4_Gsr,1669789836.215,0.5536376
1669789836843,E4_Gsr,1669789836.465,0.5510761
E4_Gsr,1669789836.715,0.5497953
E4_Gsr,1669789836.965,0.5497953
E4_Gsr,1669789837.215,0.5510761
1669789838351,E4_Gsr,1669789837.465,0.5446721
1669789838351,E4_Gsr,1669789837.715,0.5446721
1669789838351,E4_Gsr,1669789837.965,0.5459529
E4_Gsr,1669789838.215,0.5433913
E4_Gsr,1669789838.465,0.5421105
E4_Gsr,1669789838.715,0.5433913
1669789839835,E4_Gsr,1669789839.215,0.5433913
1669789839835,E4_Gsr,1669789838.965,0.5433913
1669789839836,E4_Gsr,1669789839.465,0.5446721
E4_Gsr,1669789839.715,0.5459529
E4_Gsr,1669789839.965,0.5446721
E4_Gsr,1669789840.215,0.5433913
1669789841343,E4_Gsr,1669789840.465,0.5421105
1669789841343,E4_Gsr,1669789840.715,0.5433913
1669789841344,E4_Gsr,1669789840.965,0.5446721
E4_Gsr,1669789841.215,0.5587608
E4_Gsr,1669789841.465,0.5485144
E4_Gsr,1669789841.715,0.5523568
1669789842851,E4_Gsr,1669789841.965,0.5523568
1669789842851,E4_Gsr,1669789842.215,0.5523568
1669789842852,E4_Gsr,1669789842.465,0.5510761
E4_Gsr,1669789842.715,0.5536376
E4_Gsr,1669789842.965,0.55748
E4_Gsr,1669789843.215,0.563884
1669789844337,E4_Gsr,1669789843.465,0.5651647
1669789844337,E4_Gsr,1669789843.715,0.5664455
1669789844338,E4_Gsr,1669789843.965,0.5702879
E4_Gsr,1669789844.215,0.5766919
E4_Gsr,1669789844.465,0.5830958
E4_Gsr,1669789844.715,0.5869382
1669789845868,E4_Gsr,1669789844.965,0.5856574
1669789845870,E4_Gsr,1669789845.465,0.5766919
E4_Gsr,1669789845.715,0.5702879
E4_Gsr,1669789845.965,0.5677263
E4_Gsr,1669789846.215,0.5664455
1669789845870,E4_Gsr,1669789845.215,0.5779727
1669789847350,E4_Gsr,1669789846.465,0.5600415
1669789847350,E4_Gsr,1669789846.715,0.5626032
1669789847351,E4_Gsr,1669789846.965,0.563884
E4_Gsr,1669789847.215,0.5613224
E4_Gsr,1669789847.465,0.5587608
E4_Gsr,1669789847.715,0.5626032
1669789848836,E4_Gsr,1669789847.965,0.5626032
1669789848836,E4_Gsr,1669789848.215,0.5690071
1669789848836,E4_Gsr,1669789848.465,0.5702879
E4_Gsr,1669789848.715,0.5779727
E4_Gsr,1669789848.965,0.5792534
E4_Gsr,1669789849.215,0.581815
1669789850345,E4_Gsr,1669789849.465,0.5754111
1669789850345,E4_Gsr,1669789849.715,0.5779727
1669789850345,E4_Gsr,1669789849.965,0.5741303
E4_Gsr,1669789850.215,0.5766919
E4_Gsr,1669789850.465,0.5766919
E4_Gsr,1669789850.715,0.5741303
1669789851851,E4_Gsr,1669789850.965,0.5741303
1669789851851,E4_Gsr,1669789851.215,0.5702879
1669789851851,E4_Gsr,1669789851.465,0.5741303
E4_Gsr,1669789851.715,0.5702879
E4_Gsr,1669789851.965,0.5702879
E4_Gsr,1669789852.215,0.5728495
1669789853335,E4_Gsr,1669789852.465,0.5715687
1669789853335,E4_Gsr,1669789852.715,0.5702879
1669789853336,E4_Gsr,1669789852.965,0.5728495
E4_Gsr,1669789853.215,0.5728495
E4_Gsr,1669789853.465,0.5741303
E4_Gsr,1669789853.715,0.5741303
1669789854843,E4_Gsr,1669789853.965,0.5702879
1669789854843,E4_Gsr,1669789854.215,0.5715687
1669789854844,E4_Gsr,1669789854.465,0.5702879
E4_Gsr,1669789854.715,0.5702879
E4_Gsr,1669789854.965,0.5702879
E4_Gsr,1669789855.215,0.5664455
1669789856351,E4_Gsr,1669789855.465,0.5702879
1669789856351,E4_Gsr,1669789855.715,0.5702879
1669789856352,E4_Gsr,1669789855.965,0.5702879
E4_Gsr,1669789856.215,0.5677263
E4_Gsr,1669789856.465,0.5741303
E4_Gsr,1669789856.715,0.5728495
1669789857835,E4_Gsr,1669789856.965,0.5702879
1669789857835,E4_Gsr,1669789857.215,0.5715687
1669789857836,E4_Gsr,1669789857.465,0.5741303
E4_Gsr,1669789857.715,0.5715687
E4_Gsr,1669789857.965,0.5715687
E4_Gsr,1669789858.215,0.5715687
1669789859343,E4_Gsr,1669789858.465,0.5677263
1669789859343,E4_Gsr,1669789858.715,0.5677263
1669789859344,E4_Gsr,1669789858.965,0.5690071
E4_Gsr,1669789859.215,0.5690071
E4_Gsr,1669789859.465,0.5664455
E4_Gsr,1669789859.715,0.5677263
1669789860852,E4_Gsr,1669789859.965,0.5690071
1669789860852,E4_Gsr,1669789860.215,0.5702879
1669789860852,E4_Gsr,1669789860.465,0.5677263
E4_Gsr,1669789860.715,0.5664455
E4_Gsr,1669789860.965,0.5677263
E4_Gsr,1669789861.215,0.5690071
1669789862337,E4_Gsr,1669789861.465,0.563884
1669789862337,E4_Gsr,1669789861.715,0.5613224
1669789862338,E4_Gsr,1669789861.965,0.563884
E4_Gsr,1669789862.215,0.5626032
E4_Gsr,1669789862.465,0.563884
E4_Gsr,1669789862.715,0.5613224
1669789863843,E4_Gsr,1669789862.965,0.5651647
1669789863843,E4_Gsr,1669789863.215,0.5600415
1669789863844,E4_Gsr,1669789863.465,0.55748
E4_Gsr,1669789863.715,0.55748
E4_Gsr,1669789863.965,0.5549184
E4_Gsr,1669789864.215,0.5561992
1669789865351,E4_Gsr,1669789864.465,0.5600415
1669789865351,E4_Gsr,1669789864.715,0.55748
1669789865352,E4_Gsr,1669789864.965,0.5561992
E4_Gsr,1669789865.215,0.5549184
E4_Gsr,1669789865.465,0.55748
E4_Gsr,1669789865.715,0.5549184
1669789866838,E4_Gsr,1669789865.965,0.5523568
1669789866838,E4_Gsr,1669789866.215,0.5549184
1669789866838,E4_Gsr,1669789866.465,0.5523568
E4_Gsr,1669789866.715,0.5613224
E4_Gsr,1669789866.965,0.5561992
E4_Gsr,1669789867.215,0.5613224
1669789868344,E4_Gsr,1669789867.465,0.563884
1669789868344,E4_Gsr,1669789867.715,0.5600415
1669789868344,E4_Gsr,1669789867.965,0.563884
E4_Gsr,1669789868.215,0.5561992
E4_Gsr,1669789868.465,0.5587608
E4_Gsr,1669789868.715,0.5613224
1669789869851,E4_Gsr,1669789868.965,0.5587608
1669789869851,E4_Gsr,1669789869.215,0.5587608
1669789869852,E4_Gsr,1669789869.465,0.563884
E4_Gsr,1669789869.715,0.5587608
E4_Gsr,1669789869.965,0.5600415
E4_Gsr,1669789870.215,0.55748
1669789871336,E4_Gsr,1669789870.465,0.55748
1669789871336,E4_Gsr,1669789870.715,0.5549184
1669789871337,E4_Gsr,1669789870.965,0.5549184
E4_Gsr,1669789871.215,0.5536376
E4_Gsr,1669789871.465,0.5549184
E4_Gsr,1669789871.715,0.5510761
1669789872844,E4_Gsr,1669789871.965,0.5536376
1669789872844,E4_Gsr,1669789872.215,0.5536376
1669789872847,E4_Gsr,1669789872.465,0.5510761
E4_Gsr,1669789872.715,0.5510761
E4_Gsr,1669789872.965,0.5485144
E4_Gsr,1669789873.215,0.5485144
1669789874350,E4_Gsr,1669789873.465,0.5472336
1669789874350,E4_Gsr,1669789873.715,0.5472336
1669789874351,E4_Gsr,1669789873.965,0.5459529
E4_Gsr,1669789874.215,0.5446721
E4_Gsr,1669789874.465,0.5446721
E4_Gsr,1669789874.715,0.5497953
1669789875837,E4_Gsr,1669789874.965,0.5433913
1669789875837,E4_Gsr,1669789875.215,0.5433913
1669789875837,E4_Gsr,1669789875.465,0.5446721
E4_Gsr,1669789875.715,0.5446721
E4_Gsr,1669789875.965,0.5459529
E4_Gsr,1669789876.215,0.5446721
1669789877344,E4_Gsr,1669789876.465,0.5433913
1669789877344,E4_Gsr,1669789876.715,0.5421105
1669789877345,E4_Gsr,1669789876.965,0.5421105
E4_Gsr,1669789877.215,0.5421105
E4_Gsr,1669789877.465,0.5421105
E4_Gsr,1669789877.715,0.5408297
1669789878851,E4_Gsr,1669789877.965,0.5395489
1669789878851,E4_Gsr,1669789878.215,0.5446721
1669789878852,E4_Gsr,1669789878.465,0.5472336
E4_Gsr,1669789878.715,0.5433913
E4_Gsr,1669789878.965,0.5421105
E4_Gsr,1669789879.215,0.5433913
1669789880336,E4_Gsr,1669789879.465,0.5421105
1669789880336,E4_Gsr,1669789879.715,0.5395489
1669789880336,E4_Gsr,1669789879.965,0.5408297
E4_Gsr,1669789880.215,0.5421105
E4_Gsr,1669789880.465,0.5408297
E4_Gsr,1669789880.715,0.5408297
1669789881844,E4_Gsr,1669789880.965,0.5344257
1669789881844,E4_Gsr,1669789881.215,0.5395489
1669789881844,E4_Gsr,1669789881.465,0.5369873
E4_Gsr,1669789881.715,0.5357065
E4_Gsr,1669789881.965,0.5369873
E4_Gsr,1669789882.215,0.5344257
1669789883374,E4_Gsr,1669789882.465,0.5344257
1669789883374,E4_Gsr,1669789882.715,0.533145
1669789883374,E4_Gsr,1669789882.965,0.5344257
E4_Gsr,1669789883.215,0.5357065
E4_Gsr,1669789883.465,0.533145
E4_Gsr,1669789883.715,0.533145
1669789884836,E4_Gsr,1669789883.965,0.5318642
1669789884836,E4_Gsr,1669789884.215,0.5293026
1669789884837,E4_Gsr,1669789884.465,0.5305834
E4_Gsr,1669789884.715,0.5280218
E4_Gsr,1669789884.965,0.533145
E4_Gsr,1669789885.215,0.533145
1669789886343,E4_Gsr,1669789885.465,0.5344257
1669789886343,E4_Gsr,1669789885.715,0.5280218
1669789886345,E4_Gsr,1669789885.965,0.5280218
E4_Gsr,1669789886.215,0.5280218
E4_Gsr,1669789886.465,0.5293026
E4_Gsr,1669789886.715,0.5280218
1669789887852,E4_Gsr,1669789886.965,0.5254602
1669789887852,E4_Gsr,1669789887.215,0.5254602
1669789887852,E4_Gsr,1669789887.465,0.5241794
E4_Gsr,1669789887.715,0.5228986
E4_Gsr,1669789887.965,0.5228986
E4_Gsr,1669789888.215,0.5190563
1669789889336,E4_Gsr,1669789888.465,0.520337
1669789889337,E4_Gsr,1669789888.715,0.5190563
1669789889338,E4_Gsr,1669789888.965,0.5190563
E4_Gsr,1669789889.215,0.5177755
E4_Gsr,1669789889.465,0.5164947
E4_Gsr,1669789889.715,0.520337
1669789890843,E4_Gsr,1669789889.965,0.520337
1669789890843,E4_Gsr,1669789890.215,0.5164947
1669789890845,E4_Gsr,1669789890.465,0.5164947
E4_Gsr,1669789890.715,0.5152139
E4_Gsr,1669789890.965,0.5164947
E4_Gsr,1669789891.215,0.5152139
1669789892351,E4_Gsr,1669789891.465,0.5139331
1669789892351,E4_Gsr,1669789891.715,0.5152139
1669789892352,E4_Gsr,1669789891.965,0.5152139
E4_Gsr,1669789892.215,0.5152139
E4_Gsr,1669789892.465,0.5177755
E4_Gsr,1669789892.715,0.5152139
1669789893837,E4_Gsr,1669789892.965,0.5152139
1669789893837,E4_Gsr,1669789893.215,0.5126523
1669789893837,E4_Gsr,1669789893.465,0.5164947
E4_Gsr,1669789893.715,0.5152139
E4_Gsr,1669789893.965,0.5126523
E4_Gsr,1669789894.215,0.5139331
1669789895344,E4_Gsr,1669789894.465,0.5152139
1669789895344,E4_Gsr,1669789894.715,0.5113715
1669789895345,E4_Gsr,1669789894.965,0.5100907
E4_Gsr,1669789895.215,0.5100907
E4_Gsr,1669789895.465,0.5113715
E4_Gsr,1669789895.715,0.5100907
1669789896851,E4_Gsr,1669789895.965,0.5088099
1669789896851,E4_Gsr,1669789896.215,0.5088099
1669789896852,E4_Gsr,1669789896.465,0.5100907
E4_Gsr,1669789896.715,0.5062484
E4_Gsr,1669789896.965,0.5062484
E4_Gsr,1669789897.215,0.5024059
1669789898337,E4_Gsr,1669789897.465,0.5011252
1669789898337,E4_Gsr,1669789897.715,0.5011252
1669789898337,E4_Gsr,1669789897.965,0.5024059
E4_Gsr,1669789898.215,0.4998444
E4_Gsr,1669789898.465,0.4947212
E4_Gsr,1669789898.715,0.4972828
1669789899845,E4_Gsr,1669789898.965,0.4947212
1669789899845,E4_Gsr,1669789899.215,0.4947212
1669789899846,E4_Gsr,1669789899.465,0.4947212
E4_Gsr,1669789899.715,0.4934404
E4_Gsr,1669789899.965,0.4921596
E4_Gsr,1669789900.215,0.4908789
1669789901329,E4_Gsr,1669789900.465,0.4947212
1669789901329,E4_Gsr,1669789900.715,0.4908789
1669789901330,E4_Gsr,1669789900.965,0.4947212
E4_Gsr,1669789901.215,0.4972828
E4_Gsr,1669789901.465,0.5036868
E4_Gsr,1669789901.715,0.5088099
1669789902836,E4_Gsr,1669789901.965,0.5075291
1669789902836,E4_Gsr,1669789902.215,0.5126523
1669789902838,E4_Gsr,1669789902.465,0.5164947
E4_Gsr,1669789902.715,0.5177755
E4_Gsr,1669789902.965,0.5228986
E4_Gsr,1669789903.215,0.5280218
1669789904344,E4_Gsr,1669789903.465,0.5241794
1669789904344,E4_Gsr,1669789903.715,0.5254602
1669789904345,E4_Gsr,1669789903.965,0.5280218
E4_Gsr,1669789904.215,0.5254602
E4_Gsr,1669789904.465,0.5241794
E4_Gsr,1669789904.715,0.5177755
1669789905829,E4_Gsr,1669789904.965,0.5216178
1669789905829,E4_Gsr,1669789905.215,0.5190563
1669789905831,E4_Gsr,1669789905.465,0.5177755
E4_Gsr,1669789905.715,0.5177755
E4_Gsr,1669789905.965,0.5190563
E4_Gsr,1669789906.215,0.5228986
1669789907337,E4_Gsr,1669789906.465,0.5190563
1669789907337,E4_Gsr,1669789906.715,0.5164947
1669789907338,E4_Gsr,1669789906.965,0.5177755
E4_Gsr,1669789907.215,0.5164947
E4_Gsr,1669789907.465,0.5190563
E4_Gsr,1669789907.715,0.5177755
1669789908867,E4_Gsr,1669789907.965,0.5139331
1669789908867,E4_Gsr,1669789908.215,0.5164947
1669789908868,E4_Gsr,1669789908.465,0.5164947
E4_Gsr,1669789908.715,0.5139331
E4_Gsr,1669789908.965,0.5139331
E4_Gsr,1669789909.215,0.5139331
1669789910330,E4_Gsr,1669789909.465,0.5126523
1669789910330,E4_Gsr,1669789909.715,0.5100907
1669789910331,E4_Gsr,1669789909.965,0.5088099
E4_Gsr,1669789910.215,0.5075291
E4_Gsr,1669789910.465,0.5062484
E4_Gsr,1669789910.715,0.5062484
1669789911838,E4_Gsr,1669789910.965,0.5075291
1669789911838,E4_Gsr,1669789911.215,0.5024059
1669789911839,E4_Gsr,1669789911.465,0.5036868
E4_Gsr,1669789911.715,0.5049676
E4_Gsr,1669789911.965,0.5088099
E4_Gsr,1669789912.215,0.5049676
1669789913344,E4_Gsr,1669789912.465,0.5088099
1669789913345,E4_Gsr,1669789912.715,0.5088099
1669789913345,E4_Gsr,1669789912.965,0.5049676
E4_Gsr,1669789913.215,0.5036868
E4_Gsr,1669789913.465,0.5062484
E4_Gsr,1669789913.715,0.5100907
1669789914829,E4_Gsr,1669789913.965,0.5036868
1669789914829,E4_Gsr,1669789914.215,0.5062484
1669789914829,E4_Gsr,1669789914.465,0.5088099
E4_Gsr,1669789914.715,0.5075291
E4_Gsr,1669789914.965,0.5062484
E4_Gsr,1669789915.215,0.5062484
1669789916338,E4_Gsr,1669789915.715,0.5062484
1669789916338,E4_Gsr,1669789915.465,0.5049676
1669789916338,E4_Gsr,1669789915.965,0.5075291
E4_Gsr,1669789916.215,0.5024059
E4_Gsr,1669789916.465,0.5088099
E4_Gsr,1669789916.715,0.5164947
1669789917844,E4_Gsr,1669789916.965,0.5190563
1669789917844,E4_Gsr,1669789917.215,0.520337
1669789917845,E4_Gsr,1669789917.465,0.5241794
E4_Gsr,1669789917.715,0.5228986
E4_Gsr,1669789917.965,0.5254602
E4_Gsr,1669789918.215,0.5228986
1669789919329,E4_Gsr,1669789918.465,0.5228986
1669789919329,E4_Gsr,1669789918.715,0.5190563
1669789919329,E4_Gsr,1669789918.965,0.5216178
E4_Gsr,1669789919.215,0.520337
E4_Gsr,1669789919.465,0.5177755
E4_Gsr,1669789919.715,0.5177755
1669789920837,E4_Gsr,1669789919.965,0.5177755
1669789920837,E4_Gsr,1669789920.215,0.5152139
1669789920838,E4_Gsr,1669789920.465,0.5139331
E4_Gsr,1669789920.715,0.5126523
E4_Gsr,1669789920.965,0.5139331
E4_Gsr,1669789921.215,0.5100907
1669789922345,E4_Gsr,1669789921.465,0.5126523
1669789922345,E4_Gsr,1669789921.715,0.5126523
1669789922348,E4_Gsr,1669789921.965,0.5113715
E4_Gsr,1669789922.215,0.5100907
E4_Gsr,1669789922.465,0.5113715
E4_Gsr,1669789922.715,0.5113715
1669789923831,E4_Gsr,1669789922.965,0.5062484
1669789923831,E4_Gsr,1669789923.215,0.5062484
1669789923831,E4_Gsr,1669789923.465,0.5088099
E4_Gsr,1669789923.715,0.5024059
E4_Gsr,1669789923.965,0.5024059
E4_Gsr,1669789924.215,0.5062484
1669789925337,E4_Gsr,1669789924.465,0.5036868
1669789925337,E4_Gsr,1669789924.715,0.4985636
1669789925338,E4_Gsr,1669789924.965,0.5011252
E4_Gsr,1669789925.215,0.4998444
E4_Gsr,1669789925.465,0.5011252
E4_Gsr,1669789925.715,0.4972828
1669789926845,E4_Gsr,1669789926.215,0.496002
1669789926845,E4_Gsr,1669789925.965,0.4972828
1669789926845,E4_Gsr,1669789926.465,0.4972828
E4_Gsr,1669789926.715,0.4947212
E4_Gsr,1669789926.965,0.4947212
E4_Gsr,1669789927.215,0.4947212
1669789928331,E4_Gsr,1669789927.465,0.4972828
1669789928331,E4_Gsr,1669789927.715,0.4934404
1669789928331,E4_Gsr,1669789927.965,0.4947212
E4_Gsr,1669789928.215,0.4921596
E4_Gsr,1669789928.465,0.4934404
E4_Gsr,1669789928.715,0.4921596
1669789929837,E4_Gsr,1669789928.965,0.4908789
1669789929837,E4_Gsr,1669789929.215,0.4895981
1669789929839,E4_Gsr,1669789929.465,0.4895981
E4_Gsr,1669789929.715,0.4857557
E4_Gsr,1669789929.965,0.4870365
E4_Gsr,1669789930.215,0.4883173
1669789931345,E4_Gsr,1669789930.465,0.4857557
1669789931345,E4_Gsr,1669789930.715,0.4857557
1669789931345,E4_Gsr,1669789930.965,0.4857557
E4_Gsr,1669789931.215,0.4831941
E4_Gsr,1669789931.465,0.4831941
E4_Gsr,1669789931.715,0.4831941
1669789932840,E4_Gsr,1669789931.965,0.4857557
1669789932840,E4_Gsr,1669789932.215,0.4870365
1669789932840,E4_Gsr,1669789932.465,0.4870365
E4_Gsr,1669789932.715,0.4857557
E4_Gsr,1669789932.965,0.4831941
E4_Gsr,1669789933.215,0.4819133
1669789934337,E4_Gsr,1669789933.465,0.4819133
1669789934337,E4_Gsr,1669789933.715,0.4831941
1669789934338,E4_Gsr,1669789933.965,0.4806325
E4_Gsr,1669789934.215,0.4793517
E4_Gsr,1669789934.465,0.4819133
E4_Gsr,1669789934.715,0.4806325
1669789935844,E4_Gsr,1669789934.965,0.4806325
1669789935844,E4_Gsr,1669789935.215,0.4819133
1669789935846,E4_Gsr,1669789935.465,0.4844749
E4_Gsr,1669789935.715,0.4793517
E4_Gsr,1669789935.965,0.4831941
E4_Gsr,1669789936.215,0.4870365
1669789937329,E4_Gsr,1669789936.465,0.4831941
1669789937329,E4_Gsr,1669789936.715,0.4819133
1669789937330,E4_Gsr,1669789936.965,0.4831941
E4_Gsr,1669789937.215,0.4844749
E4_Gsr,1669789937.465,0.4819133
E4_Gsr,1669789937.715,0.4780709
1669789938838,E4_Gsr,1669789937.965,0.4819133
1669789938838,E4_Gsr,1669789938.215,0.4793517
1669789938839,E4_Gsr,1669789938.465,0.4819133
E4_Gsr,1669789938.715,0.4819133
E4_Gsr,1669789938.965,0.4819133
E4_Gsr,1669789939.215,0.4780709
1669789940345,E4_Gsr,1669789939.465,0.4806325
1669789940345,E4_Gsr,1669789939.715,0.4793517
1669789940345,E4_Gsr,1669789939.965,0.4767901
E4_Gsr,1669789940.215,0.4767901
E4_Gsr,1669789940.465,0.4742286
E4_Gsr,1669789940.715,0.551007
1669789941830,E4_Gsr,1669789940.965,0.5535685
1669789941830,E4_Gsr,1669789941.215,0.5535685
1669789941831,E4_Gsr,1669789941.465,0.5522878
E4_Gsr,1669789941.715,0.551007
E4_Gsr,1669789941.965,0.5522878
E4_Gsr,1669789942.215,0.5484454
1669789943338,E4_Gsr,1669789942.465,0.551007
1669789943338,E4_Gsr,1669789942.715,0.5497262
1669789943338,E4_Gsr,1669789942.965,0.5497262
E4_Gsr,1669789943.215,0.5471646
E4_Gsr,1669789943.465,0.5471646
E4_Gsr,1669789943.715,0.5484454
1669789944845,E4_Gsr,1669789943.965,0.5471646
1669789944845,E4_Gsr,1669789944.215,0.544603
1669789944845,E4_Gsr,1669789944.465,0.5458838
E4_Gsr,1669789944.715,0.5458838
E4_Gsr,1669789944.965,0.5433222
E4_Gsr,1669789945.215,0.544603
1669789946330,E4_Gsr,1669789945.465,0.544603
1669789946330,E4_Gsr,1669789945.715,0.5458838
1669789946331,E4_Gsr,1669789945.965,0.5458838
E4_Gsr,1669789946.215,0.5433222
E4_Gsr,1669789946.465,0.544603
E4_Gsr,1669789946.715,0.544603
1669789947837,E4_Gsr,1669789946.965,0.5420414
1669789947837,E4_Gsr,1669789947.215,0.5407606
1669789947837,E4_Gsr,1669789947.465,0.5394799
E4_Gsr,1669789947.715,0.5394799
E4_Gsr,1669789947.965,0.5381991
E4_Gsr,1669789948.215,0.5407606
1669789949345,E4_Gsr,1669789948.715,0.5356375
1669789949345,E4_Gsr,1669789948.465,0.5381991
1669789949345,E4_Gsr,1669789948.965,0.5369183
E4_Gsr,1669789949.215,0.5356375
E4_Gsr,1669789949.465,0.5381991
E4_Gsr,1669789949.715,0.5369183
1669789950830,E4_Gsr,1669789950.215,0.5407606
1669789950830,E4_Gsr,1669789949.965,0.5381991
1669789950830,E4_Gsr,1669789950.465,0.5356375
E4_Gsr,1669789950.715,0.5381991
E4_Gsr,1669789950.965,0.5381991
E4_Gsr,1669789951.215,0.5369183
1669789952338,E4_Gsr,1669789951.715,0.5356375
1669789952339,E4_Gsr,1669789951.465,0.5381991
1669789952339,E4_Gsr,1669789951.965,0.5343567
E4_Gsr,1669789952.215,0.5394799
E4_Gsr,1669789952.465,0.5394799
E4_Gsr,1669789952.715,0.5420414
1669789953890,E4_Gsr,1669789952.965,0.544603
1669789953890,E4_Gsr,1669789953.215,0.5458838
1669789953890,E4_Gsr,1669789953.465,0.5484454
E4_Gsr,1669789953.715,0.5471646
E4_Gsr,1669789953.965,0.5458838
E4_Gsr,1669789954.215,0.544603
1669789955331,E4_Gsr,1669789954.715,0.5471646
1669789955331,E4_Gsr,1669789954.465,0.5471646
1669789955331,E4_Gsr,1669789954.965,0.5497262
E4_Gsr,1669789955.215,0.5522878
E4_Gsr,1669789955.465,0.5522878
E4_Gsr,1669789955.715,0.5522878
1669789956838,E4_Gsr,1669789955.965,0.5522878
1669789956838,E4_Gsr,1669789956.215,0.551007
1669789956838,E4_Gsr,1669789956.465,0.5497262
E4_Gsr,1669789956.715,0.551007
E4_Gsr,1669789956.965,0.5497262
E4_Gsr,1669789957.215,0.551007
1669789958345,E4_Gsr,1669789957.465,0.5484454
1669789958345,E4_Gsr,1669789957.715,0.544603
1669789958345,E4_Gsr,1669789957.965,0.5458838
E4_Gsr,1669789958.215,0.544603
E4_Gsr,1669789958.465,0.5433222
E4_Gsr,1669789958.715,0.5420414
1669789959831,E4_Gsr,1669789958.965,0.5407606
1669789959831,E4_Gsr,1669789959.215,0.5407606
1669789959831,E4_Gsr,1669789959.465,0.5394799
E4_Gsr,1669789959.715,0.5420414
E4_Gsr,1669789959.965,0.5394799
E4_Gsr,1669789960.215,0.5394799
1669789961338,E4_Gsr,1669789960.465,0.5381991
1669789961338,E4_Gsr,1669789960.715,0.5381991
1669789961338,E4_Gsr,1669789960.965,0.5433222
E4_Gsr,1669789961.215,0.5433222
E4_Gsr,1669789961.465,0.5458838
E4_Gsr,1669789961.715,0.5458838
1669789962846,E4_Gsr,1669789961.965,0.5458838
1669789962846,E4_Gsr,1669789962.215,0.544603
1669789962847,E4_Gsr,1669789962.465,0.5407606
E4_Gsr,1669789962.715,0.5420414
E4_Gsr,1669789962.965,0.5420414
E4_Gsr,1669789963.215,0.5420414
1669789964331,E4_Gsr,1669789963.715,0.5497262
1669789964331,E4_Gsr,1669789963.465,0.544603
1669789964331,E4_Gsr,1669789963.965,0.5599725
E4_Gsr,1669789964.215,0.5702189
E4_Gsr,1669789964.465,0.5779036
E4_Gsr,1669789964.715,0.5855883
1669789965839,E4_Gsr,1669789964.965,0.6009578
1669789965839,E4_Gsr,1669789965.215,0.6035194
1669789965839,E4_Gsr,1669789965.465,0.6048002
E4_Gsr,1669789965.715,0.6009578
E4_Gsr,1669789965.965,0.6035194
E4_Gsr,1669789966.215,0.606081
1669789967323,E4_Gsr,1669789966.465,0.6124849
1669789967323,E4_Gsr,1669789966.715,0.6099234
1669789967324,E4_Gsr,1669789966.965,0.6112041
E4_Gsr,1669789967.215,0.6150465
E4_Gsr,1669789967.465,0.6227313
E4_Gsr,1669789967.715,0.6393816
1669789968830,E4_Gsr,1669789967.965,0.6445047
1669789968830,E4_Gsr,1669789968.215,0.6483471
1669789968831,E4_Gsr,1669789968.465,0.6560318
E4_Gsr,1669789968.715,0.6573126
E4_Gsr,1669789968.965,0.6521895
E4_Gsr,1669789969.215,0.6496279
1669789970338,E4_Gsr,1669789969.465,0.6432239
1669789970338,E4_Gsr,1669789969.715,0.6432239
1669789970338,E4_Gsr,1669789969.965,0.6560318
E4_Gsr,1669789970.215,0.6598742
E4_Gsr,1669789970.465,0.667559
E4_Gsr,1669789970.715,0.6752437
1669789971848,E4_Gsr,1669789970.965,0.6816477
1669789971848,E4_Gsr,1669789971.215,0.6816477
1669789971848,E4_Gsr,1669789971.465,0.6880516
E4_Gsr,1669789971.715,0.6957363
E4_Gsr,1669789971.965,0.6957363
E4_Gsr,1669789972.215,0.698298
1669789973331,E4_Gsr,1669789972.465,0.698298
1669789973331,E4_Gsr,1669789972.715,0.691894
1669789973331,E4_Gsr,1669789972.965,0.6893324
E4_Gsr,1669789973.215,0.6842092
E4_Gsr,1669789973.465,0.6829284
E4_Gsr,1669789973.715,0.6816477
1669789974838,E4_Gsr,1669789973.965,0.6816477
1669789974838,E4_Gsr,1669789974.215,0.6803669
1669789974838,E4_Gsr,1669789974.465,0.6816477
E4_Gsr,1669789974.715,0.6854901
E4_Gsr,1669789974.965,0.6906132
E4_Gsr,1669789975.215,0.7034211
1669789976324,E4_Gsr,1669789975.465,0.716229
1669789976324,E4_Gsr,1669789975.715,0.7239138
1669789976325,E4_Gsr,1669789975.965,0.7354409
E4_Gsr,1669789976.215,0.746968
E4_Gsr,1669789976.465,0.7572144
E4_Gsr,1669789976.715,0.7713031
1669789977832,E4_Gsr,1669789976.965,0.7713031
1669789977832,E4_Gsr,1669789977.215,0.7751454
1669789977833,E4_Gsr,1669789977.465,0.7674607
E4_Gsr,1669789977.715,0.7572144
E4_Gsr,1669789977.965,0.7546528
E4_Gsr,1669789978.215,0.7482488
1669789979337,E4_Gsr,1669789978.465,0.746968
1669789979337,E4_Gsr,1669789978.715,0.7431257
1669789979339,E4_Gsr,1669789978.965,0.7444065
E4_Gsr,1669789979.215,0.7456872
E4_Gsr,1669789979.465,0.7559336
E4_Gsr,1669789979.715,0.7623375
1669789980823,E4_Gsr,1669789979.965,0.7674607
1669789980823,E4_Gsr,1669789980.215,0.7674607
1669789980824,E4_Gsr,1669789980.465,0.7751454
E4_Gsr,1669789980.715,0.7713031
E4_Gsr,1669789980.965,0.7725838
E4_Gsr,1669789981.215,0.784111
1669789982332,E4_Gsr,1669789981.465,0.7892342
1669789982333,E4_Gsr,1669789981.715,0.8046036
1669789982333,E4_Gsr,1669789981.965,0.832781
E4_Gsr,1669789982.215,0.8468698
E4_Gsr,1669789982.465,0.8545545
E4_Gsr,1669789982.715,0.857116
1669789983838,E4_Gsr,1669789982.965,0.8532737
1669789983838,E4_Gsr,1669789983.215,0.8468698
1669789983839,E4_Gsr,1669789983.465,0.8417466
E4_Gsr,1669789983.715,0.8494313
E4_Gsr,1669789983.965,0.8455889
E4_Gsr,1669789984.215,0.8404658
1669789985323,E4_Gsr,1669789984.465,0.8379042
1669789985323,E4_Gsr,1669789984.715,0.839185
1669789985324,E4_Gsr,1669789984.965,0.8481506
E4_Gsr,1669789985.215,0.8481506
E4_Gsr,1669789985.465,0.8494313
E4_Gsr,1669789985.715,0.8494313
1669789986831,E4_Gsr,1669789985.965,0.8507121
1669789986831,E4_Gsr,1669789986.215,0.8507121
1669789986831,E4_Gsr,1669789986.465,0.8596777
E4_Gsr,1669789986.715,0.8558353
E4_Gsr,1669789986.965,0.8558353
E4_Gsr,1669789987.215,0.8545545
1669789988339,E4_Gsr,1669789987.465,0.8558353
1669789988339,E4_Gsr,1669789987.715,0.8609585
1669789988339,E4_Gsr,1669789987.965,0.8583969
E4_Gsr,1669789988.215,0.8737664
E4_Gsr,1669789988.465,0.8763279
E4_Gsr,1669789988.715,0.8750471
1669789989824,E4_Gsr,1669789988.965,0.8724856
1669789989824,E4_Gsr,1669789989.215,0.8724856
1669789989825,E4_Gsr,1669789989.465,0.8686432
E4_Gsr,1669789989.715,0.8673624
E4_Gsr,1669789989.965,0.8660816
E4_Gsr,1669789990.215,0.8648008
1669789991330,E4_Gsr,1669789990.465,0.86352
1669789991330,E4_Gsr,1669789990.715,0.8609585
1669789991331,E4_Gsr,1669789990.965,0.86352
E4_Gsr,1669789991.215,0.86352
E4_Gsr,1669789991.465,0.8660816
E4_Gsr,1669789991.715,0.8712048
1669789992838,E4_Gsr,1669789991.965,0.8712048
1669789992838,E4_Gsr,1669789992.215,0.8750471
1669789992839,E4_Gsr,1669789992.465,0.8840127
E4_Gsr,1669789992.715,0.8891358
E4_Gsr,1669789992.965,0.8904166
E4_Gsr,1669789993.215,0.8891358
1669789994325,E4_Gsr,1669789993.465,0.8904166
1669789994325,E4_Gsr,1669789993.715,0.8904166
1669789994325,E4_Gsr,1669789993.965,0.894259
E4_Gsr,1669789994.215,0.8968206
E4_Gsr,1669789994.465,0.8993822
E4_Gsr,1669789994.715,0.9057862
1669789995830,E4_Gsr,1669789994.965,0.9057862
1669789995830,E4_Gsr,1669789995.215,0.9083477
1669789995831,E4_Gsr,1669789995.465,0.9083477
E4_Gsr,1669789995.715,0.9032245
E4_Gsr,1669789995.965,0.9019437
E4_Gsr,1669789996.215,0.8993822
1669789997339,E4_Gsr,1669789996.465,0.8955398
1669789997339,E4_Gsr,1669789996.715,0.894259
1669789997339,E4_Gsr,1669789996.965,0.8916974
E4_Gsr,1669789997.215,0.8904166
E4_Gsr,1669789997.465,0.8878551
E4_Gsr,1669789997.715,0.8878551
1669789998824,E4_Gsr,1669789998.215,0.8865743
1669789998824,E4_Gsr,1669789997.965,0.8968206
1669789998825,E4_Gsr,1669789998.465,0.8827319
E4_Gsr,1669789998.715,0.8827319
E4_Gsr,1669789998.965,0.8814511
E4_Gsr,1669789999.215,0.8801703
1669790000331,E4_Gsr,1669789999.465,0.8801703
1669790000331,E4_Gsr,1669789999.715,0.8788895
1669790000332,E4_Gsr,1669789999.965,0.8788895
E4_Gsr,1669790000.215,0.8801703
E4_Gsr,1669790000.465,0.8776087
E4_Gsr,1669790000.715,0.8788895
1669790001838,E4_Gsr,1669790000.965,0.8788895
1669790001838,E4_Gsr,1669790001.215,0.8776087
1669790001839,E4_Gsr,1669790001.465,0.8801703
E4_Gsr,1669790001.715,0.8776087
E4_Gsr,1669790001.965,0.8788895
E4_Gsr,1669790002.215,0.8776087
1669790003323,E4_Gsr,1669790002.465,0.8750471
1669790003323,E4_Gsr,1669790002.715,0.8776087
1669790003324,E4_Gsr,1669790002.965,0.8788895
E4_Gsr,1669790003.215,0.8776087
E4_Gsr,1669790003.465,0.8750471
E4_Gsr,1669790003.715,0.8750471
1669790004832,E4_Gsr,1669790003.965,0.8750471
1669790004832,E4_Gsr,1669790004.215,0.8763279
1669790004833,E4_Gsr,1669790004.465,0.8776087
E4_Gsr,1669790004.715,0.8776087
E4_Gsr,1669790004.965,0.8776087
E4_Gsr,1669790005.215,0.8776087
1669790006338,E4_Gsr,1669790005.465,0.8763279
1669790006338,E4_Gsr,1669790005.715,0.8763279
1669790006339,E4_Gsr,1669790005.965,0.8750471
E4_Gsr,1669790006.215,0.8750471
E4_Gsr,1669790006.465,0.8724856
E4_Gsr,1669790006.715,0.8712048
1669790007825,E4_Gsr,1669790006.965,0.8737664
1669790007825,E4_Gsr,1669790007.215,0.8724856
1669790007826,E4_Gsr,1669790007.465,0.8737664
E4_Gsr,1669790007.715,0.8724856
E4_Gsr,1669790007.965,0.8724856
E4_Gsr,1669790008.215,0.8699239
1669790009330,E4_Gsr,1669790008.465,0.8686432
1669790009330,E4_Gsr,1669790008.715,0.8686432
1669790009331,E4_Gsr,1669790008.965,0.8673624
E4_Gsr,1669790009.215,0.8673624
E4_Gsr,1669790009.465,0.8660816
E4_Gsr,1669790009.715,0.8660816
1669790010839,E4_Gsr,1669790010.215,0.86352
1669790010839,E4_Gsr,1669790009.965,0.8648008
1669790010839,E4_Gsr,1669790010.465,0.86352
E4_Gsr,1669790010.715,0.86352
E4_Gsr,1669790010.965,0.8622392
E4_Gsr,1669790011.215,0.8609585
1669790012368,E4_Gsr,1669790011.465,0.86352
1669790012369,E4_Gsr,1669790011.715,0.8609585
1669790012370,E4_Gsr,1669790011.965,0.8583969
E4_Gsr,1669790012.215,0.8609585
E4_Gsr,1669790012.465,0.8596777
E4_Gsr,1669790012.715,0.8609585
1669790013831,E4_Gsr,1669790012.965,0.8622392
1669790013831,E4_Gsr,1669790013.215,0.8609585
1669790013832,E4_Gsr,1669790013.465,0.8609585
E4_Gsr,1669790013.715,0.8596777
E4_Gsr,1669790013.965,0.8609585
E4_Gsr,1669790014.215,0.8596777
1669790015339,E4_Gsr,1669790014.465,0.8609585
1669790015339,E4_Gsr,1669790014.715,0.8609585
1669790015339,E4_Gsr,1669790014.965,0.86352
E4_Gsr,1669790015.215,0.8648008
E4_Gsr,1669790015.465,0.8660816
E4_Gsr,1669790015.715,0.86352
1669790016823,E4_Gsr,1669790016.215,0.86352
1669790016823,E4_Gsr,1669790015.965,0.8673624
1669790016824,E4_Gsr,1669790016.465,0.8660816
E4_Gsr,1669790016.715,0.8673624
E4_Gsr,1669790016.965,0.8673624
E4_Gsr,1669790017.215,0.8673624
1669790018331,E4_Gsr,1669790017.465,0.8673624
1669790018331,E4_Gsr,1669790017.715,0.8673624
1669790018331,E4_Gsr,1669790017.965,0.8686432
E4_Gsr,1669790018.215,0.8686432
E4_Gsr,1669790018.465,0.8686432
E4_Gsr,1669790018.715,0.8660816
1669790019861,E4_Gsr,1669790018.965,0.86352
1669790019862,E4_Gsr,1669790019.465,0.8622392
E4_Gsr,1669790019.715,0.8596777
E4_Gsr,1669790019.965,0.8609585
E4_Gsr,1669790020.215,0.8596777
1669790019863,E4_Gsr,1669790019.215,0.86352
1669790021324,E4_Gsr,1669790020.465,0.857116
1669790021324,E4_Gsr,1669790020.715,0.8558353
1669790021325,E4_Gsr,1669790020.965,0.8532737
E4_Gsr,1669790021.215,0.8545545
E4_Gsr,1669790021.465,0.8545545
E4_Gsr,1669790021.715,0.8545545
1669790022831,E4_Gsr,1669790021.965,0.8558353
1669790022831,E4_Gsr,1669790022.215,0.8507121
1669790022832,E4_Gsr,1669790022.465,0.8558353
E4_Gsr,1669790022.715,0.8545545
E4_Gsr,1669790022.965,0.8545545
E4_Gsr,1669790023.215,0.857116
1669790024338,E4_Gsr,1669790023.465,0.857116
1669790024338,E4_Gsr,1669790023.715,0.8545545
1669790024339,E4_Gsr,1669790023.965,0.8558353
E4_Gsr,1669790024.215,0.8532737
E4_Gsr,1669790024.465,0.8532737
E4_Gsr,1669790024.715,0.8519929
1669790025824,E4_Gsr,1669790024.965,0.8507121
1669790025824,E4_Gsr,1669790025.215,0.8507121
1669790025824,E4_Gsr,1669790025.465,0.8545545
E4_Gsr,1669790025.715,0.8507121
E4_Gsr,1669790025.965,0.8468698
E4_Gsr,1669790026.215,0.8481506
1669790027331,E4_Gsr,1669790026.465,0.8443081
1669790027331,E4_Gsr,1669790026.715,0.8417466
1669790027332,E4_Gsr,1669790026.965,0.8430274
E4_Gsr,1669790027.215,0.839185
E4_Gsr,1669790027.465,0.839185
E4_Gsr,1669790027.715,0.8379042
1669790028839,E4_Gsr,1669790027.965,0.8366234
1669790028839,E4_Gsr,1669790028.215,0.8353426
1669790028840,E4_Gsr,1669790028.465,0.832781
E4_Gsr,1669790028.715,0.8289387
E4_Gsr,1669790028.965,0.8289387
E4_Gsr,1669790029.215,0.8315002
1669790030324,E4_Gsr,1669790029.465,0.8289387
1669790030324,E4_Gsr,1669790029.715,0.8276579
1669790030325,E4_Gsr,1669790029.965,0.8250963
E4_Gsr,1669790030.215,0.8250963
E4_Gsr,1669790030.465,0.8238155
E4_Gsr,1669790030.715,0.8225347
1669790031833,E4_Gsr,1669790030.965,0.8225347
1669790031833,E4_Gsr,1669790031.215,0.8212539
1669790031834,E4_Gsr,1669790031.465,0.8225347
E4_Gsr,1669790031.715,0.8199731
E4_Gsr,1669790031.965,0.8212539
E4_Gsr,1669790032.215,0.8225347
1669790033339,E4_Gsr,1669790032.465,0.8199731
1669790033339,E4_Gsr,1669790032.715,0.8174115
1669790033339,E4_Gsr,1669790032.965,0.8161308
E4_Gsr,1669790033.215,0.81485
E4_Gsr,1669790033.465,0.8110076
E4_Gsr,1669790033.715,0.8122884
1669790034825,E4_Gsr,1669790033.965,0.8122884
1669790034825,E4_Gsr,1669790034.215,0.8097268
1669790034826,E4_Gsr,1669790034.465,0.808446
E4_Gsr,1669790034.715,0.8071652
E4_Gsr,1669790034.965,0.808446
E4_Gsr,1669790035.215,0.808446
1669790036354,E4_Gsr,1669790035.465,0.8058844
1669790036354,E4_Gsr,1669790035.715,0.808446
1669790036355,E4_Gsr,1669790035.965,0.808446
E4_Gsr,1669790036.215,0.8097268
E4_Gsr,1669790036.465,0.8110076
E4_Gsr,1669790036.715,0.808446
1669790037817,E4_Gsr,1669790036.965,0.808446
1669790037817,E4_Gsr,1669790037.215,0.8071652
1669790037817,E4_Gsr,1669790037.465,0.8097268
E4_Gsr,1669790037.715,0.8058844
E4_Gsr,1669790037.965,0.8071652
E4_Gsr,1669790038.215,0.8058844
1669790039326,E4_Gsr,1669790038.465,0.8071652
1669790039326,E4_Gsr,1669790038.715,0.8033229
1669790039327,E4_Gsr,1669790038.965,0.8058844
E4_Gsr,1669790039.215,0.8058844
E4_Gsr,1669790039.465,0.8033229
E4_Gsr,1669790039.715,0.8007613
1669790040832,E4_Gsr,1669790039.965,0.8033229
1669790040832,E4_Gsr,1669790040.215,0.8007613
1669790040833,E4_Gsr,1669790040.465,0.8007613
E4_Gsr,1669790040.715,0.7969189
E4_Gsr,1669790040.965,0.7969189
E4_Gsr,1669790041.215,0.7969189
1669790042318,E4_Gsr,1669790041.465,0.7969189
1669790042318,E4_Gsr,1669790041.715,0.7956381
1669790042318,E4_Gsr,1669790041.965,0.8007613
E4_Gsr,1669790042.215,0.8007613
E4_Gsr,1669790042.465,0.7994804
E4_Gsr,1669790042.715,0.7981997
1669790043825,E4_Gsr,1669790042.965,0.7981997
1669790043826,E4_Gsr,1669790043.215,0.7956381
1669790043829,E4_Gsr,1669790043.465,0.7943573
E4_Gsr,1669790043.715,0.7994804
E4_Gsr,1669790043.965,0.7994804
E4_Gsr,1669790044.215,0.8033229
1669790045332,E4_Gsr,1669790044.465,0.8007613
1669790045332,E4_Gsr,1669790044.715,0.81485
1669790045333,E4_Gsr,1669790044.965,0.8033229
E4_Gsr,1669790045.215,0.8033229
E4_Gsr,1669790045.465,0.8122884
E4_Gsr,1669790045.715,0.8135692
1669790046817,E4_Gsr,1669790045.965,0.8186923
1669790046817,E4_Gsr,1669790046.215,0.8289387
1669790046817,E4_Gsr,1669790046.465,0.839185
E4_Gsr,1669790046.715,0.8558353
E4_Gsr,1669790046.965,0.8660816
E4_Gsr,1669790047.215,0.8788895
1669790048326,E4_Gsr,1669790047.465,0.8827319
1669790048326,E4_Gsr,1669790047.715,0.8840127
1669790048327,E4_Gsr,1669790047.965,0.8878551
E4_Gsr,1669790048.215,0.8827319
E4_Gsr,1669790048.465,0.8814511
E4_Gsr,1669790048.715,0.8788895
1669790049832,E4_Gsr,1669790048.965,0.8814511
1669790049832,E4_Gsr,1669790049.215,0.8801703
1669790049833,E4_Gsr,1669790049.465,0.8852935
E4_Gsr,1669790049.715,0.8827319
E4_Gsr,1669790049.965,0.8827319
E4_Gsr,1669790050.215,0.8814511
1669790051317,E4_Gsr,1669790050.465,0.8814511
1669790051317,E4_Gsr,1669790050.715,0.8776087
1669790051318,E4_Gsr,1669790050.965,0.8737664
E4_Gsr,1669790051.215,0.8712048
E4_Gsr,1669790051.465,0.8712048
E4_Gsr,1669790051.715,0.8673624
1669790052824,E4_Gsr,1669790051.965,0.8673624
1669790052824,E4_Gsr,1669790052.215,0.8622392
1669790052824,E4_Gsr,1669790052.465,0.86352
E4_Gsr,1669790052.715,0.8609585
E4_Gsr,1669790052.965,0.8609585
E4_Gsr,1669790053.215,0.86352
1669790054333,E4_Gsr,1669790053.715,0.8788895
1669790054333,E4_Gsr,1669790053.465,0.8712048
1669790054333,E4_Gsr,1669790053.965,0.8891358
E4_Gsr,1669790054.215,0.8993822
E4_Gsr,1669790054.465,0.9070669
E4_Gsr,1669790054.715,0.9134709
1669790055817,E4_Gsr,1669790054.965,0.9121901
1669790055817,E4_Gsr,1669790055.215,0.9121901
1669790055817,E4_Gsr,1669790055.465,0.9096285
E4_Gsr,1669790055.715,0.9032245
E4_Gsr,1669790055.965,0.8981014
E4_Gsr,1669790056.215,0.8955398
1669790057325,E4_Gsr,1669790056.715,0.8878551
1669790057325,E4_Gsr,1669790056.465,0.8916974
1669790057326,E4_Gsr,1669790056.965,0.8852935
E4_Gsr,1669790057.215,0.8827319
E4_Gsr,1669790057.465,0.8814511
E4_Gsr,1669790057.715,0.8801703
1669790058832,E4_Gsr,1669790057.965,0.8763279
1669790058832,E4_Gsr,1669790058.215,0.8801703
1669790058833,E4_Gsr,1669790058.465,0.8814511
E4_Gsr,1669790058.715,0.8814511
E4_Gsr,1669790058.965,0.8814511
E4_Gsr,1669790059.215,0.8814511
1669790060317,E4_Gsr,1669790059.465,0.8814511
1669790060317,E4_Gsr,1669790059.715,0.8801703
1669790060318,E4_Gsr,1669790059.965,0.8801703
E4_Gsr,1669790060.215,0.8801703
E4_Gsr,1669790060.465,0.8788895
E4_Gsr,1669790060.715,0.8763279
1669790061825,E4_Gsr,1669790060.965,0.8763279
1669790061825,E4_Gsr,1669790061.215,0.8776087
1669790061825,E4_Gsr,1669790061.465,0.8801703
E4_Gsr,1669790061.715,0.8840127
E4_Gsr,1669790061.965,0.8916974
E4_Gsr,1669790062.215,0.8993822
1669790063332,E4_Gsr,1669790062.465,0.9032245
1669790063332,E4_Gsr,1669790062.715,0.9096285
1669790063333,E4_Gsr,1669790062.965,0.9173133
E4_Gsr,1669790063.215,0.9185941
E4_Gsr,1669790063.465,0.9185941
E4_Gsr,1669790063.715,0.9198748
1669790064819,E4_Gsr,1669790063.965,0.9185941
1669790064819,E4_Gsr,1669790064.215,0.9173133
1669790064819,E4_Gsr,1669790064.465,0.9173133
E4_Gsr,1669790064.715,0.9147516
E4_Gsr,1669790064.965,0.9109093
E4_Gsr,1669790065.215,0.9096285
1669790066325,E4_Gsr,1669790065.465,0.9070669
1669790066327,E4_Gsr,1669790065.715,0.9019437
1669790066327,E4_Gsr,1669790065.965,0.8981014
E4_Gsr,1669790066.215,0.8916974
E4_Gsr,1669790066.465,0.8891358
E4_Gsr,1669790066.715,0.8878551
1669790067832,E4_Gsr,1669790066.965,0.8929782
1669790067832,E4_Gsr,1669790067.215,0.8891358
1669790067833,E4_Gsr,1669790067.465,0.894259
E4_Gsr,1669790067.715,0.8981014
E4_Gsr,1669790067.965,0.9045053
E4_Gsr,1669790068.215,0.9096285
1669790069317,E4_Gsr,1669790068.465,0.9134709
1669790069317,E4_Gsr,1669790068.715,0.9160324
1669790069317,E4_Gsr,1669790068.965,0.9134709
E4_Gsr,1669790069.215,0.9121901
E4_Gsr,1669790069.465,0.9083477
E4_Gsr,1669790069.715,0.9045053
1669790070825,E4_Gsr,1669790070.215,0.9019437
1669790070825,E4_Gsr,1669790069.965,0.8993822
1669790070826,E4_Gsr,1669790070.465,0.9096285
E4_Gsr,1669790070.715,0.9096285
E4_Gsr,1669790070.965,0.9121901
E4_Gsr,1669790071.215,0.9147516
1669790072332,E4_Gsr,1669790071.465,0.9160324
1669790072332,E4_Gsr,1669790071.715,0.9109093
1669790072333,E4_Gsr,1669790071.965,0.9121901
E4_Gsr,1669790072.215,0.9160324
E4_Gsr,1669790072.465,0.9173133
E4_Gsr,1669790072.715,0.9224364
1669790073817,E4_Gsr,1669790072.965,0.9262788
1669790073817,E4_Gsr,1669790073.215,0.9224364
1669790073818,E4_Gsr,1669790073.465,0.9198748
E4_Gsr,1669790073.715,0.9134709
E4_Gsr,1669790073.965,0.9109093
E4_Gsr,1669790074.215,0.9032245
1669790075325,E4_Gsr,1669790074.465,0.8993822
1669790075325,E4_Gsr,1669790074.715,0.8968206
1669790075326,E4_Gsr,1669790074.965,0.894259
E4_Gsr,1669790075.215,0.8929782
E4_Gsr,1669790075.465,0.894259
E4_Gsr,1669790075.715,0.8916974
1669790076833,E4_Gsr,1669790076.215,0.8878551
1669790076833,E4_Gsr,1669790075.965,0.8904166
1669790076834,E4_Gsr,1669790076.465,0.8865743
E4_Gsr,1669790076.715,0.8852935
E4_Gsr,1669790076.965,0.8852935
E4_Gsr,1669790077.215,0.8852935
1669790078317,E4_Gsr,1669790077.465,0.8840127
1669790078317,E4_Gsr,1669790077.715,0.8827319
1669790078317,E4_Gsr,1669790077.965,0.8827319
E4_Gsr,1669790078.215,0.8801703
E4_Gsr,1669790078.465,0.8776087
E4_Gsr,1669790078.715,0.8750471
1669790079824,E4_Gsr,1669790078.965,0.8750471
1669790079824,E4_Gsr,1669790079.215,0.8724856
1669790079825,E4_Gsr,1669790079.465,0.8712048
E4_Gsr,1669790079.715,0.8699239
E4_Gsr,1669790079.965,0.8673624
E4_Gsr,1669790080.215,0.8660816
1669790081333,E4_Gsr,1669790080.465,0.8660816
1669790081333,E4_Gsr,1669790080.715,0.8648008
1669790081333,E4_Gsr,1669790080.965,0.8622392
E4_Gsr,1669790081.215,0.8609585
E4_Gsr,1669790081.465,0.8609585
E4_Gsr,1669790081.715,0.8609585
1669790082863,E4_Gsr,1669790081.965,0.8596777
1669790082863,E4_Gsr,1669790082.215,0.8558353
1669790082864,E4_Gsr,1669790082.465,0.857116
E4_Gsr,1669790082.715,0.857116
E4_Gsr,1669790082.965,0.8545545
E4_Gsr,1669790083.215,0.8545545
1669790084325,E4_Gsr,1669790083.465,0.8558353
1669790084325,E4_Gsr,1669790083.715,0.8558353
1669790084326,E4_Gsr,1669790083.965,0.8532737
E4_Gsr,1669790084.215,0.8507121
E4_Gsr,1669790084.465,0.8558353
E4_Gsr,1669790084.715,0.8545545
1669790085833,E4_Gsr,1669790084.965,0.8519929
1669790085833,E4_Gsr,1669790085.215,0.8507121
1669790085833,E4_Gsr,1669790085.465,0.8519929
E4_Gsr,1669790085.715,0.8507121
E4_Gsr,1669790085.965,0.8507121
E4_Gsr,1669790086.215,0.8468698
1669790087317,E4_Gsr,1669790086.465,0.8455889
1669790087317,E4_Gsr,1669790086.715,0.8455889
1669790087318,E4_Gsr,1669790086.965,0.8443081
E4_Gsr,1669790087.215,0.8430274
E4_Gsr,1669790087.465,0.8417466
E4_Gsr,1669790087.715,0.8417466
1669790088825,E4_Gsr,1669790087.965,0.8404658
1669790088825,E4_Gsr,1669790088.215,0.8404658
1669790088826,E4_Gsr,1669790088.465,0.8404658
E4_Gsr,1669790088.715,0.8379042
E4_Gsr,1669790088.965,0.8353426
E4_Gsr,1669790089.215,0.8366234
1669790090332,E4_Gsr,1669790089.465,0.8340618
1669790090332,E4_Gsr,1669790089.715,0.8340618
1669790090334,E4_Gsr,1669790089.965,0.832781
E4_Gsr,1669790090.215,0.8315002
E4_Gsr,1669790090.465,0.832781
E4_Gsr,1669790090.715,0.832781
1669790091817,E4_Gsr,1669790091.215,0.832781
1669790091817,E4_Gsr,1669790090.965,0.8315002
1669790091818,E4_Gsr,1669790091.465,0.832781
E4_Gsr,1669790091.715,0.8289387
E4_Gsr,1669790091.965,0.8263771
E4_Gsr,1669790092.215,0.8263771
1669790093325,E4_Gsr,1669790092.465,0.8276579
1669790093325,E4_Gsr,1669790092.715,0.8250963
1669790093326,E4_Gsr,1669790092.965,0.8289387
E4_Gsr,1669790093.215,0.8276579
E4_Gsr,1669790093.465,0.8276579
E4_Gsr,1669790093.715,0.8250963
1669790094832,E4_Gsr,1669790093.965,0.8250963
1669790094832,E4_Gsr,1669790094.215,0.8250963
1669790094833,E4_Gsr,1669790094.465,0.8225347
E4_Gsr,1669790094.715,0.8225347
E4_Gsr,1669790094.965,0.8225347
E4_Gsr,1669790095.215,0.8212539
1669790096318,E4_Gsr,1669790095.465,0.8212539
1669790096318,E4_Gsr,1669790095.715,0.8225347
1669790096319,E4_Gsr,1669790095.965,0.8225347
E4_Gsr,1669790096.215,0.8238155
E4_Gsr,1669790096.465,0.8212539
E4_Gsr,1669790096.715,0.8186923
1669790097826,E4_Gsr,1669790096.965,0.8186923
1669790097827,E4_Gsr,1669790097.215,0.8174115
1669790097827,E4_Gsr,1669790097.465,0.8186923
E4_Gsr,1669790097.715,0.8174115
E4_Gsr,1669790097.965,0.8161308
E4_Gsr,1669790098.215,0.8161308
1669790099355,E4_Gsr,1669790098.465,0.81485
1669790099355,E4_Gsr,1669790098.715,0.8135692
1669790099356,E4_Gsr,1669790098.965,0.8135692
E4_Gsr,1669790099.215,0.8122884
E4_Gsr,1669790099.465,0.808446
E4_Gsr,1669790099.715,0.808446
1669790100818,E4_Gsr,1669790099.965,0.8097268
1669790100818,E4_Gsr,1669790100.215,0.808446
1669790100819,E4_Gsr,1669790100.465,0.8071652
E4_Gsr,1669790100.715,0.8058844
E4_Gsr,1669790100.965,0.8058844
E4_Gsr,1669790101.215,0.8058844
1669790102325,E4_Gsr,1669790101.465,0.8046036
1669790102325,E4_Gsr,1669790101.715,0.8046036
1669790102325,E4_Gsr,1669790101.965,0.8046036
E4_Gsr,1669790102.215,0.808446
E4_Gsr,1669790102.465,0.8110076
E4_Gsr,1669790102.715,0.8071652
1669790103812,E4_Gsr,1669790102.965,0.8110076
1669790103812,E4_Gsr,1669790103.215,0.8122884
1669790103812,E4_Gsr,1669790103.465,0.8110076
E4_Gsr,1669790103.715,0.808446
E4_Gsr,1669790103.965,0.8097268
E4_Gsr,1669790104.215,0.8097268
1669790105317,E4_Gsr,1669790104.465,0.8071652
1669790105317,E4_Gsr,1669790104.715,0.8058844
1669790105319,E4_Gsr,1669790104.965,0.8071652
E4_Gsr,1669790105.215,0.8071652
E4_Gsr,1669790105.465,0.8046036
E4_Gsr,1669790105.715,0.808446
1669790106825,E4_Gsr,1669790106.215,0.808446
1669790106827,E4_Gsr,1669790106.465,0.8071652
E4_Gsr,1669790106.715,0.808446
E4_Gsr,1669790106.965,0.8097268
E4_Gsr,1669790107.215,0.8097268
1669790106827,E4_Gsr,1669790105.965,0.8071652
1669790108312,E4_Gsr,1669790107.465,0.8097268
1669790108312,E4_Gsr,1669790107.715,0.8097268
1669790108312,E4_Gsr,1669790107.965,0.808446
E4_Gsr,1669790108.215,0.8046036
E4_Gsr,1669790108.465,0.8020421
E4_Gsr,1669790108.715,0.8007613
1669790109819,E4_Gsr,1669790108.965,0.7981997
1669790109819,E4_Gsr,1669790109.215,0.7956381
1669790109819,E4_Gsr,1669790109.465,0.7943573
E4_Gsr,1669790109.715,0.7930765
E4_Gsr,1669790109.965,0.7956381
E4_Gsr,1669790110.215,0.7917957
1669790111325,E4_Gsr,1669790110.465,0.7892342
1669790111325,E4_Gsr,1669790110.715,0.8033229
1669790111326,E4_Gsr,1669790110.965,0.7879533
E4_Gsr,1669790111.215,0.7853917
E4_Gsr,1669790111.465,0.7866725
E4_Gsr,1669790111.715,0.784111
1669790112811,E4_Gsr,1669790111.965,0.7828302
1669790112811,E4_Gsr,1669790112.215,0.7828302
1669790112811,E4_Gsr,1669790112.465,0.7789878
E4_Gsr,1669790112.715,0.7789878
E4_Gsr,1669790112.965,0.7789878
E4_Gsr,1669790113.215,0.777707
1669790114319,E4_Gsr,1669790113.715,0.7764262
1669790114319,E4_Gsr,1669790113.465,0.777707
1669790114320,E4_Gsr,1669790113.965,0.7738646
E4_Gsr,1669790114.215,0.7700223
E4_Gsr,1669790114.465,0.7700223
E4_Gsr,1669790114.715,0.7674607
1669790115825,E4_Gsr,1669790114.965,0.7700223
1669790115825,E4_Gsr,1669790115.215,0.7687415
1669790115826,E4_Gsr,1669790115.465,0.7661799
E4_Gsr,1669790115.715,0.7661799
E4_Gsr,1669790115.965,0.7648991
E4_Gsr,1669790116.215,0.7648991
1669790117312,E4_Gsr,1669790116.465,0.7648991
1669790117312,E4_Gsr,1669790116.715,0.7636183
1669790117312,E4_Gsr,1669790116.965,0.7610567
E4_Gsr,1669790117.215,0.7597759
E4_Gsr,1669790117.465,0.7597759
1669790117322,E4_Gsr,1669790117.715,0.7584952
1669790118818,E4_Gsr,1669790117.965,0.7584952
1669790118818,E4_Gsr,1669790118.215,0.7546528
1669790118819,E4_Gsr,1669790118.465,0.7546528
E4_Gsr,1669790118.715,0.753372
E4_Gsr,1669790118.965,0.753372
E4_Gsr,1669790119.215,0.753372
1669790120327,E4_Gsr,1669790119.715,0.7520912
1669790120327,E4_Gsr,1669790119.715,0.7520912
1669790120329,E4_Gsr,1669790119.965,0.7508104
E4_Gsr,1669790120.215,0.7482488
E4_Gsr,1669790120.465,0.746968
E4_Gsr,1669790120.715,0.746968
1669790121810,E4_Gsr,1669790120.965,0.746968
1669790121811,E4_Gsr,1669790121.215,0.7456872
1669790121811,E4_Gsr,1669790121.465,0.7444065
E4_Gsr,1669790121.715,0.7444065
E4_Gsr,1669790121.965,0.746968
E4_Gsr,1669790122.215,0.7444065
1669790123318,E4_Gsr,1669790122.465,0.7431257
1669790123318,E4_Gsr,1669790122.715,0.740564
1669790123319,E4_Gsr,1669790122.965,0.7392833
E4_Gsr,1669790123.215,0.740564
E4_Gsr,1669790123.465,0.7367217
E4_Gsr,1669790123.715,0.7392833
1669790124826,E4_Gsr,1669790124.215,0.7341601
1669790124826,E4_Gsr,1669790123.965,0.7367217
1669790124826,E4_Gsr,1669790124.465,0.7328793
E4_Gsr,1669790124.715,0.7341601
E4_Gsr,1669790124.965,0.7303177
E4_Gsr,1669790125.215,0.7303177
1669790126312,E4_Gsr,1669790125.465,0.7315986
1669790126312,E4_Gsr,1669790125.715,0.7277561
1669790126313,E4_Gsr,1669790125.965,0.7264754
E4_Gsr,1669790126.215,0.7303177
E4_Gsr,1669790126.465,0.7277561
E4_Gsr,1669790126.715,0.7264754
1669790127818,E4_Gsr,1669790126.965,0.7251946
1669790127818,E4_Gsr,1669790127.215,0.7251946
1669790127819,E4_Gsr,1669790127.465,0.722633
E4_Gsr,1669790127.715,0.7213522
E4_Gsr,1669790127.965,0.7213522
E4_Gsr,1669790128.215,0.7187906
1669790129326,E4_Gsr,1669790128.465,0.7200714
1669790129326,E4_Gsr,1669790128.715,0.716229
1669790129326,E4_Gsr,1669790128.965,0.7175098
E4_Gsr,1669790129.215,0.7149482
E4_Gsr,1669790129.465,0.7136675
E4_Gsr,1669790129.715,0.7136675
1669790130812,E4_Gsr,1669790129.965,0.7123867
1669790130812,E4_Gsr,1669790130.215,0.7123867
1669790130812,E4_Gsr,1669790130.465,0.7111059
E4_Gsr,1669790130.715,0.7085443
E4_Gsr,1669790130.965,0.7072635
E4_Gsr,1669790131.215,0.7047019
1669790132318,E4_Gsr,1669790131.465,0.7047019
1669790132318,E4_Gsr,1669790131.715,0.6995788
1669790132318,E4_Gsr,1669790131.965,0.7008595
E4_Gsr,1669790132.215,0.7008595
E4_Gsr,1669790132.465,0.7008595
E4_Gsr,1669790132.715,0.698298
1669790133826,E4_Gsr,1669790132.965,0.6995788
1669790133826,E4_Gsr,1669790133.215,0.6957363
1669790133827,E4_Gsr,1669790133.465,0.6957363
E4_Gsr,1669790133.715,0.6944556
E4_Gsr,1669790133.965,0.691894
E4_Gsr,1669790134.215,0.6906132
1669790135311,E4_Gsr,1669790134.465,0.6893324
1669790135311,E4_Gsr,1669790134.715,0.6893324
1669790135311,E4_Gsr,1669790134.965,0.6867709
E4_Gsr,1669790135.215,0.6880516
E4_Gsr,1669790135.465,0.6842092
E4_Gsr,1669790135.715,0.6829284
1669790136821,E4_Gsr,1669790135.965,0.6816477
1669790136821,E4_Gsr,1669790136.215,0.6803669
1669790136821,E4_Gsr,1669790136.465,0.6803669
E4_Gsr,1669790136.715,0.6790861
E4_Gsr,1669790136.965,0.6803669
E4_Gsr,1669790137.215,0.6803669
1669790138372,E4_Gsr,1669790137.465,0.6854901
1669790138372,E4_Gsr,1669790137.715,0.6854901
1669790138373,E4_Gsr,1669790137.965,0.6880516
E4_Gsr,1669790138.215,0.6893324
E4_Gsr,1669790138.465,0.6906132
E4_Gsr,1669790138.715,0.6931748
1669790139811,E4_Gsr,1669790138.965,0.6893324
1669790139811,E4_Gsr,1669790139.215,0.6880516
1669790139812,E4_Gsr,1669790139.465,0.6854901
E4_Gsr,1669790139.715,0.6829284
E4_Gsr,1669790139.965,0.6803669
E4_Gsr,1669790140.215,0.6816477
1669790141318,E4_Gsr,1669790140.465,0.6816477
1669790141318,E4_Gsr,1669790140.715,0.6778053
1669790141319,E4_Gsr,1669790140.965,0.6803669
E4_Gsr,1669790141.215,0.6752437
E4_Gsr,1669790141.465,0.6778053
E4_Gsr,1669790141.715,0.673963
1669790142826,E4_Gsr,1669790141.965,0.6752437
1669790142826,E4_Gsr,1669790142.215,0.6726821
1669790142827,E4_Gsr,1669790142.465,0.673963
E4_Gsr,1669790142.715,0.6701205
E4_Gsr,1669790142.965,0.6701205
E4_Gsr,1669790143.215,0.6688398
1669790144311,E4_Gsr,1669790143.465,0.6726821
1669790144311,E4_Gsr,1669790143.715,0.6662782
1669790144312,E4_Gsr,1669790143.965,0.6662782
E4_Gsr,1669790144.215,0.6662782
E4_Gsr,1669790144.465,0.6662782
E4_Gsr,1669790144.715,0.6662782
1669790145818,E4_Gsr,1669790144.965,0.6637166
1669790145818,E4_Gsr,1669790145.215,0.6624358
1669790145819,E4_Gsr,1669790145.465,0.6624358
E4_Gsr,1669790145.715,0.661155
E4_Gsr,1669790145.965,0.6585934
E4_Gsr,1669790146.215,0.6585934
1669790147326,E4_Gsr,1669790146.465,0.6585934
1669790147327,E4_Gsr,1669790146.715,0.6560318
1669790147327,E4_Gsr,1669790146.965,0.6534703
E4_Gsr,1669790147.215,0.6509087
E4_Gsr,1669790147.465,0.6496279
E4_Gsr,1669790147.715,0.6496279
1669790148811,E4_Gsr,1669790147.965,0.6483471
1669790148811,E4_Gsr,1669790148.215,0.6457855
1669790148811,E4_Gsr,1669790148.465,0.6483471
E4_Gsr,1669790148.715,0.6470663
E4_Gsr,1669790148.965,0.6457855
E4_Gsr,1669790149.215,0.6470663
1669790150319,E4_Gsr,1669790149.465,0.6470663
1669790150319,E4_Gsr,1669790149.715,0.6483471
1669790150320,E4_Gsr,1669790149.965,0.6509087
E4_Gsr,1669790150.215,0.6496279
E4_Gsr,1669790150.465,0.6521895
E4_Gsr,1669790150.715,0.6509087
1669790151827,E4_Gsr,1669790150.965,0.6521895
1669790151827,E4_Gsr,1669790151.215,0.6496279
1669790151827,E4_Gsr,1669790151.465,0.6470663
E4_Gsr,1669790151.715,0.6470663
E4_Gsr,1669790151.965,0.6445047
E4_Gsr,1669790152.215,0.6445047
1669790153313,E4_Gsr,1669790152.465,0.6432239
1669790153313,E4_Gsr,1669790152.715,0.6393816
1669790153314,E4_Gsr,1669790152.965,0.6419432
E4_Gsr,1669790153.215,0.6457855
E4_Gsr,1669790153.465,0.6560318
E4_Gsr,1669790153.715,0.6701205
1669790154819,E4_Gsr,1669790154.215,0.6970172
1669790154819,E4_Gsr,1669790153.965,0.6829284
1669790154820,E4_Gsr,1669790154.465,0.7047019
E4_Gsr,1669790154.715,0.7149482
E4_Gsr,1669790154.965,0.7290369
E4_Gsr,1669790155.215,0.7341601
1669790156326,E4_Gsr,1669790155.465,0.7482488
1669790156329,E4_Gsr,1669790155.715,0.7431257
1669790156329,E4_Gsr,1669790155.965,0.7444065
E4_Gsr,1669790156.215,0.7456872
E4_Gsr,1669790156.465,0.7520912
E4_Gsr,1669790156.715,0.7572144
1669790157811,E4_Gsr,1669790156.965,0.7713031
1669790157811,E4_Gsr,1669790157.215,0.7892342
1669790157812,E4_Gsr,1669790157.465,0.8033229
E4_Gsr,1669790157.715,0.8199731
E4_Gsr,1669790157.965,0.8353426
E4_Gsr,1669790158.215,0.8507121
1669790159320,E4_Gsr,1669790158.465,0.8583969
1669790159321,E4_Gsr,1669790158.715,0.8852935
1669790159321,E4_Gsr,1669790158.965,0.9045053
E4_Gsr,1669790159.215,0.9237172
E4_Gsr,1669790159.465,0.9339635
E4_Gsr,1669790159.715,0.955737
1669790160826,E4_Gsr,1669790159.965,0.9685449
1669790160826,E4_Gsr,1669790160.215,0.973668
1669790160827,E4_Gsr,1669790160.465,0.9928799
E4_Gsr,1669790160.715,1.000565
E4_Gsr,1669790160.965,1.038988
E4_Gsr,1669790161.215,0.9711756
1669790162311,E4_Gsr,1669790161.715,0.96221
1669790162311,E4_Gsr,1669790161.465,0.9673332
1669790162312,E4_Gsr,1669790161.965,0.9506829
E4_Gsr,1669790162.215,0.9519637
E4_Gsr,1669790162.465,0.9583676
E4_Gsr,1669790162.715,0.9429982
1669790163820,E4_Gsr,1669790162.965,0.9327518
1669790163820,E4_Gsr,1669790163.215,0.9301902
1669790163821,E4_Gsr,1669790163.465,0.9404365
E4_Gsr,1669790163.715,0.9391558
E4_Gsr,1669790163.965,0.9429982
E4_Gsr,1669790164.215,0.944279
1669790165327,E4_Gsr,1669790164.465,0.937875
1669790165327,E4_Gsr,1669790164.715,0.9391558
1669790165327,E4_Gsr,1669790164.965,0.937875
E4_Gsr,1669790165.215,0.9327518
E4_Gsr,1669790165.465,0.9301902
E4_Gsr,1669790165.715,0.9289094
1669790166812,E4_Gsr,1669790166.215,0.9276286
1669790166812,E4_Gsr,1669790165.965,0.9250671
1669790166812,E4_Gsr,1669790166.465,0.9289094
E4_Gsr,1669790166.715,0.9301902
E4_Gsr,1669790166.965,0.9353134
E4_Gsr,1669790167.215,0.937875
1669790168319,E4_Gsr,1669790167.465,0.9429982
1669790168319,E4_Gsr,1669790167.715,0.9532444
1669790168320,E4_Gsr,1669790167.965,0.96221
E4_Gsr,1669790168.215,0.9711756
E4_Gsr,1669790168.465,1.013442
E4_Gsr,1669790168.715,1.036496
1669790169804,E4_Gsr,1669790168.965,1.05955
1669790169804,E4_Gsr,1669790169.215,1.067235
1669790169804,E4_Gsr,1669790169.465,1.077481
E4_Gsr,1669790169.715,1.080043
E4_Gsr,1669790169.965,1.083885
E4_Gsr,1669790170.215,1.0762
1669790171311,E4_Gsr,1669790170.465,1.090289
1669790171311,E4_Gsr,1669790170.715,1.133836
1669790171312,E4_Gsr,1669790170.965,1.177383
E4_Gsr,1669790171.215,1.194033
E4_Gsr,1669790171.465,1.20428
E4_Gsr,1669790171.715,1.226053
1669790172819,E4_Gsr,1669790171.965,1.215807
1669790172819,E4_Gsr,1669790172.215,1.20556
1669790172820,E4_Gsr,1669790172.465,1.209403
E4_Gsr,1669790172.715,1.199156
E4_Gsr,1669790172.965,1.190191
E4_Gsr,1669790173.215,1.177383
1669790174306,E4_Gsr,1669790173.465,1.170979
1669790174306,E4_Gsr,1669790173.715,1.15689
1669790174307,E4_Gsr,1669790173.965,1.146644
E4_Gsr,1669790174.215,1.132555
E4_Gsr,1669790174.465,1.127432
E4_Gsr,1669790174.715,1.122309
